"lhs","op","rhs","block","group","label","est","se","z","pvalue","ci.lower","ci.upper","std.lv","std.all","std.nox"
"Belong","=~","SB1",1,1,".p1.",0.736499299397193,0.0455214179218081,16.1791818669241,0,0.647278959745253,0.825719639049133,1.53924688655461,0.838570670818522,0.838570670818522
"Belong","=~","SB2",1,1,".p2.",0.704606229195489,0.0454848908962043,15.4909952582581,0,0.615457481198194,0.793754977192783,1.47259195687468,0.82728226290391,0.82728226290391
"Belong","=~","SB3",1,1,".p3.",0.719753491980941,0.046700363710409,15.4121603087326,0,0.628222461043618,0.811284522918264,1.50424898234831,0.832773369516006,0.832773369516006
"Gains","=~","PG1",1,1,".p4.",0.646365338478606,0.0383129526717493,16.8706741037794,0,0.57127333110059,0.721457345856622,1.39980475716507,0.813695127181852,0.813695127181852
"Gains","=~","PG2",1,1,".p5.",0.689208505522328,0.0410524624007686,16.7884814994538,0,0.608747157740137,0.769669853304519,1.49258830459504,0.830778771158586,0.830778771158586
"Gains","=~","PG3",1,1,".p6.",0.747192572940585,0.0462087546979705,16.1699352822724,0,0.656625077962117,0.837760067919054,1.6181618286997,0.850669382991158,0.850669382991158
"Gains","=~","PG4",1,1,".p7.",0.692796475129359,0.0420509267213818,16.4751773419797,0,0.610378173238918,0.775214777019801,1.50035861130163,0.832111485840272,0.832111485840272
"Gains","=~","PG5",1,1,".p8.",0.696757454243414,0.0426558084474236,16.3344097698258,0,0.613153605955024,0.780361302531803,1.50893672816033,0.833566197156081,0.833566197156081
"SuppEnv","=~","SE1",1,1,".p9.",0.724579758877616,0.0469594019480559,15.4299187983507,0,0.632541022323886,0.816618495431346,1.56310197585719,0.842365654084687,0.842365654084687
"SuppEnv","=~","SE2",1,1,".p10.",0.763705215633508,0.0515499188453726,14.8148674670913,0,0.662669231290615,0.864741199976401,1.64750549115298,0.854849932177687,0.854849932177687
"SuppEnv","=~","SE3",1,1,".p11.",0.7179321971161,0.0463561466811327,15.4873139489893,0,0.627075819159024,0.808788575073176,1.54876150222851,0.840099148878786,0.840099148878786
"DevAdj","=~","Belong",1,1,".p12.",1.52186727560705,0.0886136942246176,17.1741770718804,0,1.34818762638976,1.69554692482435,0.878098291980993,0.878098291980993,0.878098291980993
"DevAdj","=~","Gains",1,1,".p13.",1.59299596901893,0.0971646193471367,16.3948151057711,0,1.402556814527,1.78343512351087,0.887008068911812,0.887008068911812,0.887008068911812
"DevAdj","=~","SuppEnv",1,1,".p14.",1.58513622827901,0.0995192624555998,15.9279338408101,0,1.39008205809805,1.78019039845998,0.886069478729001,0.886069478729001,0.886069478729001
"M1","=~","MHWdacad",1,1,".p15.",1.3474478351598,0.054492982272223,24.7269974770062,0,1.24064355249607,1.45425211782354,1.45809834871982,0.82468634352194,0.82468634352194
"M1","=~","MHWdlonely",1,1,".p16.",1.32074477325309,0.0534839263464243,24.694237380749,0,1.21591820386231,1.42557134264388,1.42920246907538,0.81935087446402,0.81935087446402
"M1","=~","MHWdmental",1,1,".p17.",1.32845067868826,0.0517493407633143,25.6708715336914,0,1.22702383456848,1.42987752280805,1.43754117258376,0.82091286923652,0.82091286923652
"M1","=~","MHWdpeers",1,1,".p18.",1.28699646919022,0.0500178654709937,25.7307355496123,0,1.1889632542835,1.38502968409694,1.39268280193715,0.812289145958747,0.812289145958747
"M1","=~","MHWdexhaust",1,1,".p19.",1.39346086485228,0.0544246472697478,25.6034891314186,0,1.28679051633227,1.50013121337228,1.50788990343795,0.833389595304208,0.833389595304208
"M2","=~","QIstudent",1,1,".p20.",1.23387627422076,0.0529477879702147,23.3036415971686,0,1.13010051673807,1.33765203170344,1.30464135688781,0.793672460539932,0.793672460539932
"M2","=~","QIfaculty",1,1,".p21.",1.27934124145211,0.0546640792124301,23.4036914164503,0,1.1722016149477,1.38648086795651,1.3527138239405,0.804128389924627,0.804128389924627
"M2","=~","QIadvisor",1,1,".p22.",1.3404275616395,0.0590765207307868,22.6896835673154,0,1.22463970867523,1.45621541460378,1.41730355738594,0.817089953622794,0.817089953622794
"M2","=~","QIstaff",1,1,".p23.",1.33279256262997,0.0563640205255263,23.6461584926571,0,1.22232111237606,1.44326401288388,1.40923067708525,0.815534236109275,0.815534236109275
"M1","~","X",1,1,"a1_1",0.0251507787019866,0.0530002651550666,0.474540620285601,0.635114438665739,-0.078727832173017,0.12902938957699,0.0232421649364937,0.0115809289519733,0.0232421649364937
"M1","~","XZ_c",1,1,"a1xz_1",0.357138378312925,0.0513253783586932,6.9583194461232,3.44346773317739e-12,0.256542485236995,0.457734271388855,0.330036266163212,0.229118417039429,0.330036266163212
"M1","~","Zplus10_c",1,1,"a1z",0.181550523777669,0.0273200583020903,6.64531977824432,3.02560199116897e-11,0.128004193450037,0.2350968541053,0.16777322356282,0.140039802201682,0.16777322356282
"M1","~","cohort",1,1,"g1",0.0431902576412365,0.0383227439043661,1.12701370624758,0.259736686027072,-0.0319209402000729,0.118301455482546,0.0399126843602654,0.0199352446577405,0.0399126843602654
"M1","~","bchsgrade",1,1,"",-0.100985181308288,0.0274670500416425,-3.67659363328734,0.000236369120785618,-0.154819610151466,-0.0471507524651089,-0.0933217324171178,-0.0933417051994829,-0.0933217324171178
"M1","~","bcsmath",1,1,"",-0.000235503082917743,0.0250403318295747,-0.00940495056218042,0.992496045776148,-0.049313651629816,0.0488426454639806,-0.000217631492093506,-0.000223496548919783,-0.000217631492093506
"M1","~","bparented",1,1,"",-0.0357290299109716,0.0251060913898981,-1.42312195698243,0.154700804282297,-0.084936064827743,0.0134780050057999,-0.03301766581669,-0.0327997856703083,-0.03301766581669
"M1","~","bchwork",1,1,"",0.0257047679818667,0.0249021812008517,1.03222957758365,0.301964582198696,-0.023102610308293,0.0745121462720264,0.0237541137062948,0.0231251843443993,0.0237541137062948
"M1","~","bcnonacad",1,1,"",0.0962995038833334,0.0245921850258511,3.91585797610518,9.00832696792975e-05,0.0480997069315201,0.144499300835147,0.0889916363656033,0.0882895336056635,0.0889916363656033
"M1","~","bcscourses",1,1,"",0.0828100209495558,0.0248833106195236,3.32793422128415,0.000874925221901579,0.0340396283191665,0.131580413579945,0.0765258280115219,0.0789181138348987,0.0765258280115219
"M1","~","bchstudy",1,1,"",0.0228068985096046,0.0247399391522432,0.921865586218984,0.356598691702688,-0.0256824912085043,0.0712962882277136,0.0210761544654772,0.0214819536761285,0.0210761544654772
"M1","~","bdegexp",1,1,"",-0.0253777013841549,0.0249576164927556,-1.01683193150761,0.309233388987032,-0.0742937308499188,0.0235383280816089,-0.0234518671675571,-0.0239637659354999,-0.0234518671675571
"M2","~","X",1,1,"a2",0.175571204082108,0.0431655330757079,4.06739339403442,4.75419461414273e-05,0.0909683138802486,0.260174094283968,0.16604804225282,0.0827371540129112,0.16604804225282
"M2","~","Zplus10_c",1,1,"a2z",0.00650010399191759,0.0319540878892563,0.203420107450574,0.838806684878694,-0.0561287574298522,0.0691289654136874,0.00614753169769738,0.00513132611207036,0.00614753169769738
"M2","~","M1",1,1,"d",-0.268446574108824,0.0231749211581205,-11.58349460079,0,-0.313868584923296,-0.223024563294353,-0.274734497016286,-0.274734497016286,-0.274734497016286
"M2","~","cohort",1,1,"g2",-0.0604398357377643,0.0412318143400427,-1.46585438223289,0.142687961909422,-0.14125270686149,0.0203730353859615,-0.0571615171793454,-0.0285505434736515,-0.0571615171793454
"M2","~","bchsgrade",1,1,"",0.0436381712631111,0.0272229091416625,1.60299441312561,0.108935887559847,-0.00971775020895358,0.0969940927351758,0.0412711921844778,0.0412800250738606,0.0412711921844778
"M2","~","bcsmath",1,1,"",0.0671934313438275,0.0251623832433182,2.67039217605393,0.00757627001682581,0.0178760664217296,0.116510796265925,0.0635487908465556,0.0652613980890594,0.0635487908465556
"M2","~","bparented",1,1,"",0.0391163120210091,0.0254451574839595,1.53727922673176,0.124224946240648,-0.0107552802285012,0.0889879042705195,0.0369946032163763,0.0367504796732745,0.0369946032163763
"M2","~","bchwork",1,1,"",-0.0314849266496227,0.0257387906248095,-1.22324809695116,0.221236004368113,-0.0819320292798664,0.0189621759806211,-0.0297771519992454,-0.0289887527586966,-0.0297771519992454
"M2","~","bcnonacad",1,1,"",-0.0634719993107722,0.0257242937773481,-2.46739521248445,0.0136100049762713,-0.113890688642102,-0.0130533099794421,-0.060029213096341,-0.0595556104308186,-0.060029213096341
"M2","~","bcscourses",1,1,"",0.0168157205355775,0.0248693604228417,0.676162162985616,0.498937692554076,-0.031927330211738,0.065558771282893,0.0159036186406591,0.0164007841389366,0.0159036186406591
"M2","~","bchstudy",1,1,"",0.0731367681045077,0.0254931083635476,2.86888389840626,0.00411922972506895,0.0231711938579775,0.123102342351038,0.0691697549375613,0.0705015458959444,0.0691697549375613
"M2","~","bdegexp",1,1,"",0.0572375475957508,0.0247427911246149,2.31330197581505,0.020706042143309,0.00874256811450832,0.105732527076993,0.0541329244241115,0.0553145180737711,0.0541329244241115
"DevAdj","~","X",1,1,"c",0.127635098322911,0.0455367927788512,2.80290047967957,0.00506452946289393,0.0383846245048991,0.216885572140923,0.105844383508465,0.0527393333936928,0.105844383508465
"DevAdj","~","Zplus10_c",1,1,"cz",0.202085691075116,0.0264454787245259,7.64159700719274,2.1538326677728e-14,0.150253505221125,0.253917876929107,0.167584274770666,0.139882087216433,0.167584274770666
"DevAdj","~","M1",1,1,"b1",-0.360337881479364,0.0267581305358872,-13.4664819351296,0,-0.412782853623324,-0.307892909335404,-0.323357157485387,-0.323357157485387,-0.323357157485387
"DevAdj","~","M2",1,1,"b2",0.36879266907959,0.0256422073313482,14.3822512747852,0,0.318534866226038,0.419050471933141,0.323369837184056,0.323369837184056,0.323369837184056
"DevAdj","~","cohort",1,1,"g3",0.00867098440532928,0.0429200645017511,0.202026360071652,0.839896116694707,-0.0754507962322388,0.0927927650428974,0.0071906161459731,0.00359150717140389,0.0071906161459731
"DevAdj","~","bchsgrade",1,1,"",0.0646461846497747,0.0292700169878312,2.20861452443471,0.0272014642263363,0.00727800552674999,0.122014363772799,0.0536093570682158,0.0536208305802663,0.0536093570682158
"DevAdj","~","bcsmath",1,1,"",0.0478807455368692,0.0265022058489399,1.80667019982356,0.0708137167824319,-0.0040626234379197,0.0998241145116582,0.0397062254808157,0.0407762878443173,0.0397062254808157
"DevAdj","~","bparented",1,1,"",0.040710259385113,0.0281652353359206,1.44540810327237,0.148343288647187,-0.0144925874893863,0.0959131062596123,0.0337599325240892,0.0335371542368225,0.0337599325240892
"DevAdj","~","bchwork",1,1,"",-0.102861995982015,0.0278793798347147,-3.68953673259022,0.000224662789483299,-0.157504576369368,-0.0482194155946619,-0.0853007103392673,-0.0830422332608867,-0.0853007103392673
"DevAdj","~","bcnonacad",1,1,"",-0.0574343370921302,0.0268857015149277,-2.13624097032548,0.0326597775740993,-0.110129343760482,-0.00473933042377804,-0.0476287642005337,-0.0472529953287228,-0.0476287642005337
"DevAdj","~","bcscourses",1,1,"",-0.00193697051660584,0.0273320214226106,-0.0708681764387712,0.943502671194852,-0.0555067481295998,0.0516328070963881,-0.0016062779979652,-0.00165649210453267,-0.0016062779979652
"DevAdj","~","bchstudy",1,1,"",0.0474563183514833,0.0262430237065411,1.80834033768962,0.0705535474444126,-0.00397906295876802,0.0988916996617347,0.0393542593337944,0.0401119842498639,0.0393542593337944
"DevAdj","~","bdegexp",1,1,"",0.0520125038771596,0.0264369376244613,1.96741788387146,0.0491350542472999,0.000197058271683481,0.103827949482636,0.0431325824945235,0.0440740647091117,0.0431325824945235
"SB1","|","t1",1,1,".p61.",-1.23101926385934,0.0703971665590695,-17.4867728920084,0,-1.36899517492878,-1.09304335278989,-1.23101926385934,-0.6706504712806,-0.6706504712806
"SB1","|","t2",1,1,".p62.",0.0232552396458764,0.0572904375126854,0.405918346159028,0.684802597504701,-0.0890319545375294,0.135542433829282,0.0232552396458764,0.0126692878707318,0.0126692878707318
"SB1","|","t3",1,1,".p63.",1.28210876513371,0.0731389738988149,17.5297614498592,0,1.13875901042582,1.4254585198416,1.28210876513371,0.698483665376792,0.698483665376792
"SB2","|","t1",1,1,".p64.",-1.23853646717711,0.068929379388036,-17.9681940875283,0,-1.37363556825435,-1.10343736609986,-1.23853646717711,-0.695793051477661,-0.695793051477661
"SB2","|","t2",1,1,".p65.",-0.0166893989785974,0.0555370596592227,-0.300509228990589,0.763788757842568,-0.125540035717926,0.0921612377607313,-0.0166893989785974,-0.00937587882988502,-0.00937587882988502
"SB2","|","t3",1,1,".p66.",1.20458605169909,0.0704349606178277,17.1021044255996,0,1.06653606563565,1.34263603776253,1.20458605169909,0.6767201668187,0.6767201668187
"SB3","|","t1",1,1,".p67.",-1.2495041570466,0.0695177028772385,-17.9738988103952,0,-1.38575635097395,-1.11325196311926,-1.2495041570466,-0.691743055370746,-0.691743055370746
"SB3","|","t2",1,1,".p68.",-0.0136580325877421,0.0556529972997009,-0.245414142102558,0.806135779961228,-0.122735902926861,0.0954198377513766,-0.0136580325877421,-0.00756127871949571,-0.00756127871949571
"SB3","|","t3",1,1,".p69.",1.22602891493416,0.0712128335615885,17.2164040330431,0,1.0864543259164,1.36560350395192,1.22602891493416,0.678746831538397,0.678746831538397
"PG1","|","t1",1,1,".p70.",-1.37472185293122,0.0664519304504979,-20.6874630068917,0,-1.50496524331735,-1.24447846254508,-1.37472185293122,-0.799114638834325,-0.799114638834325
"PG1","|","t2",1,1,".p71.",-0.229659876422153,0.0535649792044547,-4.28750052428012,1.80694831191097e-05,-0.334645306495521,-0.124674446348785,-0.229659876422153,-0.133499419399284,-0.133499419399284
"PG1","|","t3",1,1,".p72.",0.915628683211191,0.062757782421574,14.5898826867475,0,0.792625689915305,1.03863167650708,0.915628683211191,0.532247510964147,0.532247510964147
"PG2","|","t1",1,1,".p73.",-1.39371308171467,0.0703453280746504,-19.8124469650019,0,-1.53158739122164,-1.2558387722077,-1.39371308171467,-0.775744549123146,-0.775744549123146
"PG2","|","t2",1,1,".p74.",-0.186427190922786,0.0565493955991413,-3.2967141195337,0.000978230173292571,-0.29726196964461,-0.0755924122009609,-0.186427190922786,-0.103765889166202,-0.103765889166202
"PG2","|","t3",1,1,".p75.",1.01452086171227,0.0665377246549423,15.2473031948938,0,0.884109317775338,1.1449324056492,1.01452086171227,0.56468511257479,0.56468511257479
"PG3","|","t1",1,1,".p76.",-1.53455588163151,0.0746202665203295,-20.5648673368573,0,-1.68080891652813,-1.38830284673488,-1.53455588163151,-0.806717648284846,-0.806717648284846
"PG3","|","t2",1,1,".p77.",-0.245534010480807,0.0595460933844116,-4.12342769316055,3.73275672826967e-05,-0.362242208934312,-0.128825812027301,-0.245534010480807,-0.129077488724902,-0.129077488724902
"PG3","|","t3",1,1,".p78.",1.04455185383558,0.0697156490020616,14.9830327736702,0,0.907911692632699,1.18119201503845,1.04455185383558,0.549122013166386,0.549122013166386
"PG4","|","t1",1,1,".p79.",-1.48882901004045,0.0709386478941007,-20.9875583231163,0,-1.62786620502485,-1.34979181505604,-1.48882901004045,-0.825717072155223,-0.825717072155223
"PG4","|","t2",1,1,".p80.",-0.277121897005155,0.0563220695229703,-4.92030742748424,8.6408380606251e-07,-0.387511124804938,-0.166732669205372,-0.277121897005155,-0.153694131348892,-0.153694131348892
"PG4","|","t3",1,1,".p81.",0.935716202393685,0.0654433820186927,14.2981027802997,0,0.807449530610551,1.06398287417682,0.935716202393685,0.518956063992685,0.518956063992685
"PG5","|","t1",1,1,".p82.",-1.18599434191391,0.0668197376984661,-17.7491618908455,0,-1.31695862125932,-1.0550300625685,-1.18599434191391,-0.655166499024179,-0.655166499024179
"PG5","|","t2",1,1,".p83.",0.0403827769653489,0.0555849195956694,0.726505988658389,0.467528637567354,-0.0685616635257179,0.149327217456416,0.0403827769653489,0.0223082367851485,0.0223082367851485
"PG5","|","t3",1,1,".p84.",1.26802039930991,0.0696492641160675,18.2057975113249,0,1.1315103500927,1.40453044852712,1.26802039930991,0.700479299392327,0.700479299392327
"SE1","|","t1",1,1,".p85.",-1.74190502141546,0.08058049845436,-21.6169551545038,0,-1.89983989624229,-1.58397014658863,-1.74190502141546,-0.938723759154211,-0.938723759154211
"SE1","|","t2",1,1,".p86.",-0.473059824311128,0.059338309738282,-7.9722497387878,1.55431223447522e-15,-0.589360774301643,-0.356758874320613,-0.473059824311128,-0.254934965524884,-0.254934965524884
"SE1","|","t3",1,1,".p87.",0.800700418017166,0.0678710966168588,11.7973696894456,0,0.667675513056884,0.933725322977447,0.800700418017166,0.431502577417595,0.431502577417595
"SE2","|","t1",1,1,".p88.",-1.63443269556658,0.0799477366493373,-20.4437644399547,0,-1.79112738004478,-1.47773801108839,-1.63443269556658,-0.848066781238028,-0.848066781238028
"SE2","|","t2",1,1,".p89.",-0.328768111083635,0.060613374919274,-5.42401922878399,5.82736090493086e-08,-0.447568142906836,-0.209968079260435,-0.328768111083635,-0.170589657498103,-0.170589657498103
"SE2","|","t3",1,1,".p90.",0.979450608676801,0.0706268996168557,13.8679541929524,0,0.841024429088038,1.11787678826556,0.979450608676801,0.508212743990794,0.508212743990794
"SE3","|","t1",1,1,".p91.",-1.30973221170383,0.0725576767074023,-18.0509116490249,0,-1.45194264485224,-1.16752177855542,-1.30973221170383,-0.710441804453617,-0.710441804453617
"SE3","|","t2",1,1,".p92.",-0.0754306774205965,0.057323749503584,-1.31587131117235,0.18821723930532,-0.187783161906417,0.0369218070652238,-0.0754306774205965,-0.0409160789503171,-0.0409160789503171
"SE3","|","t3",1,1,".p93.",1.16383035719202,0.0724138388737505,16.0719328693662,0,1.02190184101718,1.30575887336686,1.16383035719202,0.631299842557715,0.631299842557715
"MHWdacad","|","t1",1,1,".p94.",-1.55895567909251,0.0643304856533578,-24.2335443803872,0,-1.68504111408106,-1.43287024410396,-1.55895567909251,-0.881730275486795,-0.881730275486795
"MHWdacad","|","t2",1,1,".p95.",-0.670615740359794,0.0495964609478505,-13.5214434163948,0,-0.767823017578228,-0.573408463141359,-0.670615740359794,-0.379293785848631,-0.379293785848631
"MHWdacad","|","t3",1,1,".p96.",0.0401296469560377,0.0458272836616448,0.875671515953807,0.381208634511915,-0.049690178530087,0.129949472442162,0.0401296469560377,0.0226969407406965,0.0226969407406965
"MHWdacad","|","t4",1,1,".p97.",0.754430803038446,0.050436974671222,14.9578916649199,0,0.655576149193692,0.8532854568832,0.754430803038446,0.426698775802297,0.426698775802297
"MHWdacad","|","t5",1,1,".p98.",1.64112519170232,0.0652856797873524,25.1375982764945,0,1.5131676106129,1.76908277279175,1.64112519170232,0.928204558214474,0.928204558214474
"MHWdlonely","|","t1",1,1,".p99.",-1.47252273133673,0.0609440951374821,-24.1618606038026,0,-1.59197096287657,-1.35307449979688,-1.47252273133673,-0.844186050398754,-0.844186050398754
"MHWdlonely","|","t2",1,1,".p100.",-0.587588794425801,0.0481317584842829,-12.2079228544636,0,-0.681925307567576,-0.493252281284026,-0.587588794425801,-0.336860174086816,-0.336860174086816
"MHWdlonely","|","t3",1,1,".p101.",0.119010900082835,0.0454598618104772,2.61793360875123,0.0088464015003924,0.0299112081921318,0.208110591973538,0.119010900082835,0.0682280412772487,0.0682280412772487
"MHWdlonely","|","t4",1,1,".p102.",0.82472300362873,0.0505451450377947,16.3165622140771,0,0.725656339761299,0.923789667496161,0.82472300362873,0.472807407512359,0.472807407512359
"MHWdlonely","|","t5",1,1,".p103.",1.70673306391763,0.0657069367832736,25.9749297025835,0,1.57794983428796,1.8355162935473,1.70673306391763,0.978457047658381,0.978457047658381
"MHWdmental","|","t1",1,1,".p104.",-1.46269382286616,0.0610012346235506,-23.9781019497834,0,-1.58225404574079,-1.34313359999152,-1.46269382286616,-0.835276377361375,-0.835276377361375
"MHWdmental","|","t2",1,1,".p105.",-0.584124293979331,0.0483353504601017,-12.0848258762807,0,-0.678859840061252,-0.48938874789741,-0.584124293979331,-0.33356620269837,-0.33356620269837
"MHWdmental","|","t3",1,1,".p106.",0.120277008657617,0.0459757653879722,2.61609584185592,0.00889415884667222,0.0301661643355285,0.210387852979706,0.120277008657617,0.0686846026836542,0.0686846026836542
"MHWdmental","|","t4",1,1,".p107.",0.824190703603652,0.0506331378213587,16.2776936027848,0,0.724951577049536,0.923429830157768,0.824190703603652,0.470656958003695,0.470656958003695
"MHWdmental","|","t5",1,1,".p108.",1.70129440725248,0.0657846960637879,25.8615530518348,0,1.57235877223354,1.83023004227142,1.70129440725248,0.971530068083874,0.971530068083874
"MHWdpeers","|","t1",1,1,".p109.",-1.45306162512243,0.0591109406669394,-24.5819404788313,0,-1.56891693992191,-1.33720631032294,-1.45306162512243,-0.847505393801364,-0.847505393801364
"MHWdpeers","|","t2",1,1,".p110.",-0.593984714110806,0.0476760879597481,-12.4587553117256,0,-0.687428129435676,-0.500541298785936,-0.593984714110806,-0.346444528119758,-0.346444528119758
"MHWdpeers","|","t3",1,1,".p111.",0.0958738816589337,0.0450866150154286,2.12643778261299,0.0334668246108465,0.00750574004387078,0.184242023273997,0.0958738816589337,0.0559189166005081,0.0559189166005081
"MHWdpeers","|","t4",1,1,".p112.",0.790687017323199,0.049410519475916,16.0024024379788,0,0.693844178692989,0.887529855953409,0.790687017323199,0.461172121267508,0.461172121267508
"MHWdpeers","|","t5",1,1,".p113.",1.65280022262317,0.06407081978285,25.7964581727667,0,1.52722372338882,1.77837672185751,1.65280022262317,0.964003920639777,0.964003920639777
"MHWdexhaust","|","t1",1,1,".p114.",-1.51547082150006,0.0626039869545953,-24.2072573205151,0,-1.63817238121968,-1.39276926178044,-1.51547082150006,-0.837579462363738,-0.837579462363738
"MHWdexhaust","|","t2",1,1,".p115.",-0.60169141908432,0.0493549193839497,-12.1911134005416,0,-0.698425283536739,-0.5049575546319,-0.60169141908432,-0.332546406143722,-0.332546406143722
"MHWdexhaust","|","t3",1,1,".p116.",0.134941087850451,0.0471931518750056,2.8593362064024,0.00424528588729678,0.0424442098585109,0.227437965842391,0.134941087850451,0.074580046154029,0.074580046154029
"MHWdexhaust","|","t4",1,1,".p117.",0.868197063306665,0.0521608958833481,16.6445964664466,0,0.765963585973959,0.970430540639371,0.868197063306665,0.479840336873252,0.479840336873252
"MHWdexhaust","|","t5",1,1,".p118.",1.77780292404892,0.0670745614571698,26.5048758490077,0,1.64633919931405,1.9092666487838,1.77780292404892,0.982566735161336,0.982566735161336
"QIstudent","|","t1",1,1,".p119.",-1.76976734687771,0.0668236395281754,-26.4841508091087,0,-1.90073927366883,-1.6387954200866,-1.76976734687771,-1.07662967861937,-1.07662967861937
"QIstudent","|","t2",1,1,".p120.",-0.938264109723209,0.049808085987173,-18.8375861293855,0,-1.03588616439694,-0.840642055049475,-0.938264109723209,-0.570788577771848,-0.570788577771848
"QIstudent","|","t3",1,1,".p121.",-0.294888216562585,0.0431028065239326,-6.84150848504145,7.8363981970142e-12,-0.379368164982091,-0.210408268143079,-0.294888216562585,-0.179393865745424,-0.179393865745424
"QIstudent","|","t4",1,1,".p122.",0.305021532987485,0.0434540024293247,7.01941169823388,2.22799556581776e-12,0.219853253241893,0.390189812733077,0.305021532987485,0.185558421343726,0.185558421343726
"QIstudent","|","t5",1,1,".p123.",0.950895158307811,0.0501048252589563,18.9781154488277,0,0.852691505348584,1.04909881126704,0.950895158307811,0.57847261703399,0.57847261703399
"QIstudent","|","t6",1,1,".p124.",1.78680679262123,0.0654858169594607,27.2854012606633,0,1.65845694988251,1.91515663535996,1.78680679262123,1.08699554565102,1.08699554565102
"QIfaculty","|","t1",1,1,".p125.",-1.79623388276968,0.0675909403680603,-26.5750686850701,0,-1.92870969157228,-1.66375807396709,-1.79623388276968,-1.06778139952178,-1.06778139952178
"QIfaculty","|","t2",1,1,".p126.",-0.938304015688792,0.050559169253785,-18.5585330917705,0,-1.03739816651448,-0.839209864863108,-0.938304015688792,-0.557780133567134,-0.557780133567134
"QIfaculty","|","t3",1,1,".p127.",-0.278330247056823,0.0443328379348277,-6.27819602855084,3.42523787111304e-10,-0.365221012741537,-0.19143948137211,-0.278330247056823,-0.165454990902031,-0.165454990902031
"QIfaculty","|","t4",1,1,".p128.",0.340835138746506,0.0449987114398372,7.57433108283999,3.61932706027801e-14,0.252639284973715,0.429030992519297,0.340835138746506,0.202611377587297,0.202611377587297
"QIfaculty","|","t5",1,1,".p129.",1.00778674153471,0.0522130925906282,19.3014183135284,0,0.905450960535621,1.11012252253379,1.00778674153471,0.599084533265874,0.599084533265874
"QIfaculty","|","t6",1,1,".p130.",1.8698697144727,0.0694393828653134,26.9280865888389,0,1.733771024948,2.0059684039974,1.8698697144727,1.11155463650669,1.11155463650669
"QIadvisor","|","t1",1,1,".p131.",-1.87620682817551,0.0729296758451663,-25.726246640103,0,-2.01914636623622,-1.73326729011481,-1.87620682817551,-1.08165236884624,-1.08165236884624
"QIadvisor","|","t2",1,1,".p132.",-0.994166552538303,0.0540090669055905,-18.4074010068742,0,-1.10002237851187,-0.888310726564731,-0.994166552538303,-0.573147155437257,-0.573147155437257
"QIadvisor","|","t3",1,1,".p133.",-0.313897108098013,0.0459568717741205,-6.83025401817659,8.47633074840815e-12,-0.403970921617414,-0.223823294578611,-0.313897108098013,-0.180964883748114,-0.180964883748114
"QIadvisor","|","t4",1,1,".p134.",0.320670508741628,0.0458249819305361,6.99772253544404,2.60147459130167e-12,0.230855194565579,0.410485822917678,0.320670508741628,0.184869818290131,0.184869818290131
"QIadvisor","|","t5",1,1,".p135.",1.0036125029715,0.0540322285246933,18.5743311052373,0,0.897711281058665,1.10951372488434,1.0036125029715,0.578592842185988,0.578592842185988
"QIadvisor","|","t6",1,1,".p136.",1.89182346951807,0.0727712253040577,25.9968615563847,0,1.74919448881127,2.03445245022487,1.89182346951807,1.09065552182912,1.09065552182912
"QIstaff","|","t1",1,1,".p137.",-1.85530875667504,0.0706299053927069,-26.2680340057005,0,-1.99374082747621,-1.71687668587386,-1.85530875667504,-1.07368355956552,-1.07368355956552
"QIstaff","|","t2",1,1,".p138.",-0.967887798347424,0.0521283022649525,-18.5674145577951,0,-1.07005739336195,-0.8657182033329,-0.967887798347424,-0.560125215197115,-0.560125215197115
"QIstaff","|","t3",1,1,".p139.",-0.285012762793635,0.0455848678229902,-6.25235470464373,4.04309918877743e-10,-0.374357461966715,-0.195668063620556,-0.285012762793635,-0.164939402445494,-0.164939402445494
"QIstaff","|","t4",1,1,".p140.",0.350784229698812,0.0459760717881773,7.62971293665449,2.35367281220533e-14,0.260672784843356,0.440895674554268,0.350784229698812,0.203001931094986,0.203001931094986
"QIstaff","|","t5",1,1,".p141.",1.03495071756136,0.0535791401140143,19.3162995031094,0,0.929937532615268,1.13996390250745,1.03495071756136,0.598935118701002,0.598935118701002
"QIstaff","|","t6",1,1,".p142.",1.92062585553872,0.0722858976144022,26.5698555171024,0,1.77894809962435,2.0623036114531,1.92062585553872,1.11148314141741,1.11148314141741
"SB1","~~","SB1",1,1,"",1,0,NA,NA,1,1,1,0.296799230042974,0.296799230042974
"SB2","~~","SB2",1,1,"",1,0,NA,NA,1,1,1,0.315604057484586,0.315604057484586
"SB3","~~","SB3",1,1,"",1,0,NA,NA,1,1,1,0.306488515024958,0.306488515024958
"PG1","~~","PG1",1,1,"",1,0,NA,NA,1,1,1,0.33790024000051,0.33790024000051
"PG2","~~","PG2",1,1,"",1,0,NA,NA,1,1,1,0.30980663339223,0.30980663339223
"PG3","~~","PG3",1,1,"",1,0,NA,NA,1,1,1,0.276361600841443,0.276361600841443
"PG4","~~","PG4",1,1,"",1,0,NA,NA,1,1,1,0.307590475132695,0.307590475132695
"PG5","~~","PG5",1,1,"",1,0,NA,NA,1,1,1,0.30516739495875,0.30516739495875
"SE1","~~","SE1",1,1,"",1,0,NA,NA,1,1,1,0.290420104818477,0.290420104818477
"SE2","~~","SE2",1,1,"",1,0,NA,NA,1,1,1,0.269231593455804,0.269231593455804
"SE3","~~","SE3",1,1,"",1,0,NA,NA,1,1,1,0.29423342005314,0.29423342005314
"MHWdacad","~~","MHWdacad",1,1,"",1,0,NA,NA,1,1,1,0.319892434808412,0.319892434808412
"MHWdlonely","~~","MHWdlonely",1,1,"",1,0,NA,NA,1,1,1,0.328664144515045,0.328664144515045
"MHWdmental","~~","MHWdmental",1,1,"",1,0,NA,NA,1,1,1,0.326102061121865,0.326102061121865
"MHWdpeers","~~","MHWdpeers",1,1,"",1,0,NA,NA,1,1,1,0.340186343357609,0.340186343357609
"MHWdexhaust","~~","MHWdexhaust",1,1,"",1,0,NA,NA,1,1,1,0.305461782438689,0.305461782438689
"QIstudent","~~","QIstudent",1,1,"",1,0,NA,NA,1,1,1,0.37008402538049,0.37008402538049
"QIfaculty","~~","QIfaculty",1,1,"",1,0,NA,NA,1,1,1,0.353377532517227,0.353377532517227
"QIadvisor","~~","QIadvisor",1,1,"",1,0,NA,NA,1,1,1,0.332364007688701,0.332364007688701
"QIstaff","~~","QIstaff",1,1,"",1,0,NA,NA,1,1,1,0.334903909733662,0.334903909733662
"Belong","~~","Belong",1,1,"",1,0,NA,NA,1,1,0.228943389620062,0.228943389620062,0.228943389620062
"Gains","~~","Gains",1,1,"",1,0,NA,NA,1,1,0.213216685685338,0.213216685685338,0.213216685685338
"SuppEnv","~~","SuppEnv",1,1,"",1,0,NA,NA,1,1,0.214880878864917,0.214880878864917,0.214880878864917
"DevAdj","~~","DevAdj",1,1,"",1,0,NA,NA,1,1,0.687694262312032,0.687694262312032,0.687694262312032
"M1","~~","M1",1,1,"",1,0,NA,NA,1,1,0.853985084994234,0.853985084994234,0.853985084994234
"M2","~~","M2",1,1,"",1,0,NA,NA,1,1,0.894460041385259,0.894460041385259,0.894460041385259
"X","~~","X",1,1,"",0.248275369503656,0,NA,NA,0.248275369503656,0.248275369503656,0.248275369503656,1,0.248275369503656
"X","~~","XZ_c",1,1,"",0.160862621942507,0,NA,NA,0.160862621942507,0.160862621942507,0.160862621942507,0.465039657007558,0.160862621942507
"X","~~","Zplus10_c",1,1,"",0.281425141373488,0,NA,NA,0.281425141373488,0.281425141373488,0.281425141373488,0.676654905835057,0.281425141373488
"X","~~","cohort",1,1,"",0.00556041038223363,0,NA,NA,0.00556041038223363,0.00556041038223363,0.00556041038223363,0.02234237797865,0.00556041038223363
"X","~~","bchsgrade",1,1,"",0.10529850513209,0,NA,NA,0.10529850513209,0.10529850513209,0.10529850513209,0.211281975673608,0.10529850513209
"X","~~","bcsmath",1,1,"",0.0986744358656066,0,NA,NA,0.0986744358656066,0.0986744358656066,0.0986744358656066,0.192836283083333,0.0986744358656066
"X","~~","bparented",1,1,"",0.0484057793143085,0,NA,NA,0.0484057793143085,0.0484057793143085,0.0484057793143085,0.0977925475239574,0.0484057793143085
"X","~~","bchwork",1,1,"",-0.0177608664065419,0,NA,NA,-0.0177608664065419,-0.0177608664065419,-0.0177608664065419,-0.0366143186421867,-0.0177608664065419
"X","~~","bcnonacad",1,1,"",-0.0263096616101229,0,NA,NA,-0.0263096616101229,-0.0263096616101229,-0.0263096616101229,-0.0532216597050982,-0.0263096616101229
"X","~~","bcscourses",1,1,"",0.0616794542382105,0,NA,NA,0.0616794542382105,0.0616794542382105,0.0616794542382105,0.120034211580138,0.0616794542382105
"X","~~","bchstudy",1,1,"",0.0403687838086637,0,NA,NA,0.0403687838086637,0.0403687838086637,0.0403687838086637,0.079487061880527,0.0403687838086637
"X","~~","bdegexp",1,1,"",0.0360539043936102,0,NA,NA,0.0360539043936102,0.0360539043936102,0.0360539043936102,0.0708121598334815,0.0360539043936102
"XZ_c","~~","XZ_c",1,1,"",0.48194410228551,0,NA,NA,0.48194410228551,0.48194410228551,0.48194410228551,1,0.48194410228551
"XZ_c","~~","Zplus10_c",1,1,"",0.56005899150079,0,NA,NA,0.56005899150079,0.56005899150079,0.56005899150079,0.966510550990751,0.56005899150079
"XZ_c","~~","cohort",1,1,"",0.00260436388233009,0,NA,NA,0.00260436388233009,0.00260436388233009,0.00260436388233009,0.00751091239413569,0.00260436388233009
"XZ_c","~~","bchsgrade",1,1,"",0.136246798933358,0,NA,NA,0.136246798933358,0.136246798933358,0.136246798933358,0.196216278462983,0.136246798933358
"XZ_c","~~","bcsmath",1,1,"",0.0963720028014368,0,NA,NA,0.0963720028014368,0.0963720028014368,0.0963720028014368,0.135177206634926,0.0963720028014368
"XZ_c","~~","bparented",1,1,"",0.0514341497845491,0,NA,NA,0.0514341497845491,0.0514341497845491,0.0514341497845491,0.0745810669405643,0.0514341497845491
"XZ_c","~~","bchwork",1,1,"",-0.03363745986133,0,NA,NA,-0.03363745986133,-0.03363745986133,-0.03363745986133,-0.0497712427759551,-0.03363745986133
"XZ_c","~~","bcnonacad",1,1,"",-0.0413731194626069,0,NA,NA,-0.0413731194626069,-0.0413731194626069,-0.0413731194626069,-0.0600703140035707,-0.0413731194626069
"XZ_c","~~","bcscourses",1,1,"",0.0641653045392028,0,NA,NA,0.0641653045392028,0.0641653045392028,0.0641653045392028,0.0896258454116494,0.0641653045392028
"XZ_c","~~","bchstudy",1,1,"",0.0774015294106107,0,NA,NA,0.0774015294106107,0.0774015294106107,0.0774015294106107,0.1093877789276,0.0774015294106107
"XZ_c","~~","bdegexp",1,1,"",0.0445217619417212,0,NA,NA,0.0445217619417212,0.0445217619417212,0.0445217619417212,0.0627619407835059,0.0445217619417212
"Zplus10_c","~~","Zplus10_c",1,1,"",0.696719040151745,0,NA,NA,0.696719040151745,0.696719040151745,0.696719040151745,1,0.696719040151745
"Zplus10_c","~~","cohort",1,1,"",0.00530449916394297,0,NA,NA,0.00530449916394297,0.00530449916394297,0.00530449916394297,0.0127234507569823,0.00530449916394297
"Zplus10_c","~~","bchsgrade",1,1,"",0.1873797530255,0,NA,NA,0.1873797530255,0.1873797530255,0.1873797530255,0.224440322729685,0.1873797530255
"Zplus10_c","~~","bcsmath",1,1,"",0.144288308857775,0,NA,NA,0.144288308857775,0.144288308857775,0.144288308857775,0.168326782377181,0.144288308857775
"Zplus10_c","~~","bparented",1,1,"",0.0749399962195773,0,NA,NA,0.0749399962195773,0.0749399962195773,0.0749399962195773,0.0903774719396023,0.0749399962195773
"Zplus10_c","~~","bchwork",1,1,"",-0.0422621365883466,0,NA,NA,-0.0422621365883466,-0.0422621365883466,-0.0422621365883466,-0.0520087286093069,-0.0422621365883466
"Zplus10_c","~~","bcnonacad",1,1,"",-0.0541490911404825,0,NA,NA,-0.0541490911404825,-0.0541490911404825,-0.0541490911404825,-0.0653886395935437,-0.0541490911404825
"Zplus10_c","~~","bcscourses",1,1,"",0.0941168475172775,0,NA,NA,0.0941168475172775,0.0941168475172775,0.0941168475172775,0.109337684578426,0.0941168475172775
"Zplus10_c","~~","bchstudy",1,1,"",0.0970046108280976,0,NA,NA,0.0970046108280976,0.0970046108280976,0.0970046108280976,0.114020025852793,0.0970046108280976
"Zplus10_c","~~","bdegexp",1,1,"",0.0620295379152583,0,NA,NA,0.0620295379152583,0.0620295379152583,0.0620295379152583,0.0727263954294705,0.0620295379152583
"cohort","~~","cohort",1,1,"",0.249471687491074,0,NA,NA,0.249471687491074,0.249471687491074,0.249471687491074,1,0.249471687491074
"cohort","~~","bchsgrade",1,1,"",0.00332256250851509,0,NA,NA,0.00332256250851509,0.00332256250851509,0.00332256250851509,0.00665073417571839,0.00332256250851509
"cohort","~~","bcsmath",1,1,"",-0.0108859534945301,0,NA,NA,-0.0108859534945301,-0.0108859534945301,-0.0108859534945301,-0.0212229993348731,-0.0108859534945301
"cohort","~~","bparented",1,1,"",0.000565236309575707,0,NA,NA,0.000565236309575707,0.000565236309575707,0.000565236309575707,0.00113918637385435,0.000565236309575707
"cohort","~~","bchwork",1,1,"",0.00231055516608649,0,NA,NA,0.00231055516608649,0.00231055516608649,0.00231055516608649,0.00475181295545049,0.00231055516608649
"cohort","~~","bcnonacad",1,1,"",0.00213377700962713,0,NA,NA,0.00213377700962713,0.00213377700962713,0.00213377700962713,0.00430604306679577,0.00213377700962713
"cohort","~~","bcscourses",1,1,"",-0.00820135445562579,0,NA,NA,-0.00820135445562579,-0.00820135445562579,-0.00820135445562579,-0.015922317883459,-0.00820135445562579
"cohort","~~","bchstudy",1,1,"",0.00701903772500528,0,NA,NA,0.00701903772500528,0.00701903772500528,0.00701903772500528,0.0137874687573886,0.00701903772500528
"cohort","~~","bdegexp",1,1,"",0.00324186414867566,0,NA,NA,0.00324186414867566,0.00324186414867566,0.00324186414867566,0.00635194217662644,0.00324186414867566
"bchsgrade","~~","bchsgrade",1,1,"",1.00042808720203,0,NA,NA,1.00042808720203,1.00042808720203,1.00042808720203,1,1.00042808720203
"bchsgrade","~~","bcsmath",1,1,"",0.030849304901093,0,NA,NA,0.030849304901093,0.030849304901093,0.030849304901093,0.0300333213538749,0.030849304901093
"bchsgrade","~~","bparented",1,1,"",0.000555238288915467,0,NA,NA,0.000555238288915467,0.000555238288915467,0.000555238288915467,0.000558806991133873,0.000555238288915467
"bchsgrade","~~","bchwork",1,1,"",-0.0219310474675192,0,NA,NA,-0.0219310474675192,-0.0219310474675192,-0.0219310474675192,-0.0225226798932064,-0.0219310474675192
"bchsgrade","~~","bcnonacad",1,1,"",-0.0355084843361342,0,NA,NA,-0.0355084843361342,-0.0355084843361342,-0.0355084843361342,-0.035783199266976,-0.0355084843361342
"bchsgrade","~~","bcscourses",1,1,"",0.276675497213046,0,NA,NA,0.276675497213046,0.276675497213046,0.276675497213046,0.268231081986731,0.276675497213046
"bchsgrade","~~","bchstudy",1,1,"",0.202324468879163,0,NA,NA,0.202324468879163,0.202324468879163,0.202324468879163,0.198460037018936,0.202324468879163
"bchsgrade","~~","bdegexp",1,1,"",0.199314438223751,0,NA,NA,0.199314438223751,0.199314438223751,0.199314438223751,0.195015072355502,0.199314438223751
"bcsmath","~~","bcsmath",1,1,"",1.05462524657807,0,NA,NA,1.05462524657807,1.05462524657807,1.05462524657807,1,1.05462524657807
"bcsmath","~~","bparented",1,1,"",-0.014988844454052,0,NA,NA,-0.014988844454052,-0.014988844454052,-0.014988844454052,-0.0146924571460989,-0.014988844454052
"bcsmath","~~","bchwork",1,1,"",-0.00272808900126529,0,NA,NA,-0.00272808900126529,-0.00272808900126529,-0.00272808900126529,-0.00272874580089546,-0.00272808900126529
"bcsmath","~~","bcnonacad",1,1,"",-0.0247181743036315,0,NA,NA,-0.0247181743036315,-0.0247181743036315,-0.0247181743036315,-0.0242609207131953,-0.0247181743036315
"bcsmath","~~","bcscourses",1,1,"",0.120021007966901,0,NA,NA,0.120021007966901,0.120021007966901,0.120021007966901,0.113328601200094,0.120021007966901
"bcsmath","~~","bchstudy",1,1,"",0.10035700738254,0,NA,NA,0.10035700738254,0.10035700738254,0.10035700738254,0.0958773932050587,0.10035700738254
"bcsmath","~~","bdegexp",1,1,"",0.0172456159167755,0,NA,NA,0.0172456159167755,0.0172456159167755,0.0172456159167755,0.016434329283086,0.0172456159167755
"bparented","~~","bparented",1,1,"",0.98684575321813,0,NA,NA,0.98684575321813,0.98684575321813,0.98684575321813,1,0.98684575321813
"bparented","~~","bchwork",1,1,"",-0.0229733816416564,0,NA,NA,-0.0229733816416564,-0.0229733816416564,-0.0229733816416564,-0.0237549388400544,-0.0229733816416564
"bparented","~~","bcnonacad",1,1,"",-0.00797905466905853,0,NA,NA,-0.00797905466905853,-0.00797905466905853,-0.00797905466905853,-0.00809593052026878,-0.00797905466905853
"bparented","~~","bcscourses",1,1,"",-0.00230167750097495,0,NA,NA,-0.00230167750097495,-0.00230167750097495,-0.00230167750097495,-0.00224673150173594,-0.00230167750097495
"bparented","~~","bchstudy",1,1,"",0.0156762516649615,0,NA,NA,0.0156762516649615,0.0156762516649615,0.0156762516649615,0.0154822895654908,0.0156762516649615
"bparented","~~","bdegexp",1,1,"",0.164895184054478,0,NA,NA,0.164895184054478,0.164895184054478,0.164895184054478,0.162444753777148,0.164895184054478
"bchwork","~~","bchwork",1,1,"",0.947747712402292,0,NA,NA,0.947747712402292,0.947747712402292,0.947747712402292,1,0.947747712402292
"bchwork","~~","bcnonacad",1,1,"",-0.00891332037998579,0,NA,NA,-0.00891332037998579,-0.00891332037998579,-0.00891332037998579,-0.0092285424572854,-0.00891332037998579
"bchwork","~~","bcscourses",1,1,"",0.00822372499047311,0,NA,NA,0.00822372499047311,0.00822372499047311,0.00822372499047311,0.008191313480936,0.00822372499047311
"bchwork","~~","bchstudy",1,1,"",-0.0473806850985029,0,NA,NA,-0.0473806850985029,-0.0473806850985029,-0.0473806850985029,-0.0477499103748873,-0.0473806850985029
"bchwork","~~","bdegexp",1,1,"",-0.0339046881694265,0,NA,NA,-0.0339046881694265,-0.0339046881694265,-0.0339046881694265,-0.0340828370850344,-0.0339046881694265
"bcnonacad","~~","bcnonacad",1,1,"",0.984283171861133,0,NA,NA,0.984283171861133,0.984283171861133,0.984283171861133,1,0.984283171861133
"bcnonacad","~~","bcscourses",1,1,"",-0.0471281361879633,0,NA,NA,-0.0471281361879633,-0.0471281361879633,-0.0471281361879633,-0.0460629316672481,-0.0471281361879633
"bcnonacad","~~","bchstudy",1,1,"",-0.0127097128941212,0,NA,NA,-0.0127097128941212,-0.0127097128941212,-0.0127097128941212,-0.012568785286583,-0.0127097128941212
"bcnonacad","~~","bdegexp",1,1,"",-0.0178374404968733,0,NA,NA,-0.0178374404968733,-0.0178374404968733,-0.0178374404968733,-0.0175952265888186,-0.0178374404968733
"bcscourses","~~","bcscourses",1,1,"",1.06349957122436,0,NA,NA,1.06349957122436,1.06349957122436,1.06349957122436,1,1.06349957122436
"bcscourses","~~","bchstudy",1,1,"",0.0524883669413663,0,NA,NA,0.0524883669413663,0.0524883669413663,0.0524883669413663,0.0499357984452632,0.0524883669413663
"bcscourses","~~","bdegexp",1,1,"",0.0238691776299241,0,NA,NA,0.0238691776299241,0.0238691776299241,0.0238691776299241,0.0226511968075215,0.0238691776299241
"bchstudy","~~","bchstudy",1,1,"",1.03887861327334,0,NA,NA,1.03887861327334,1.03887861327334,1.03887861327334,1,1.03887861327334
"bchstudy","~~","bdegexp",1,1,"",0.0365139145048474,0,NA,NA,0.0365139145048474,0.0365139145048474,0.0365139145048474,0.0350589050415273,0.0365139145048474
"bdegexp","~~","bdegexp",1,1,"",1.04413171315227,0,NA,NA,1.04413171315227,1.04413171315227,1.04413171315227,1,1.04413171315227
"SB1","~*~","SB1",1,1,"",0.556011641375259,0,NA,NA,0.556011641375259,0.556011641375259,0.556011641375259,1,1
"SB2","~*~","SB2",1,1,"",0.57303651881636,0,NA,NA,0.57303651881636,0.57303651881636,0.57303651881636,1,1
"SB3","~*~","SB3",1,1,"",0.564852610505277,0,NA,NA,0.564852610505277,0.564852610505277,0.564852610505277,1,1
"PG1","~*~","PG1",1,1,"",0.592778509070862,0,NA,NA,0.592778509070862,0.592778509070862,0.592778509070862,1,1
"PG2","~*~","PG2",1,1,"",0.56808275334533,0,NA,NA,0.56808275334533,0.56808275334533,0.56808275334533,1,1
"PG3","~*~","PG3",1,1,"",0.537086293700032,0,NA,NA,0.537086293700032,0.537086293700032,0.537086293700032,1,1
"PG4","~*~","PG4",1,1,"",0.566085133774132,0,NA,NA,0.566085133774132,0.566085133774132,0.566085133774132,1,1
"PG5","~*~","PG5",1,1,"",0.5638922831159,0,NA,NA,0.5638922831159,0.5638922831159,0.5638922831159,1,1
"SE1","~*~","SE1",1,1,"",0.550318646895231,0,NA,NA,0.550318646895231,0.550318646895231,0.550318646895231,1,1
"SE2","~*~","SE2",1,1,"",0.530202305262741,0,NA,NA,0.530202305262741,0.530202305262741,0.530202305262741,1,1
"SE3","~*~","SE3",1,1,"",0.553856105274676,0,NA,NA,0.553856105274676,0.553856105274676,0.553856105274676,1,1
"MHWdacad","~*~","MHWdacad",1,1,"",0.59595478802761,0,NA,NA,0.59595478802761,0.59595478802761,0.59595478802761,1,1
"MHWdlonely","~*~","MHWdlonely",1,1,"",0.603641271288134,0,NA,NA,0.603641271288134,0.603641271288134,0.603641271288134,1,1
"MHWdmental","~*~","MHWdmental",1,1,"",0.601408574508143,0,NA,NA,0.601408574508143,0.601408574508143,0.601408574508143,1,1
"MHWdpeers","~*~","MHWdpeers",1,1,"",0.613559297119729,0,NA,NA,0.613559297119729,0.613559297119729,0.613559297119729,1,1
"MHWdexhaust","~*~","MHWdexhaust",1,1,"",0.583040012652949,0,NA,NA,0.583040012652949,0.583040012652949,0.583040012652949,1,1
"QIstudent","~*~","QIstudent",1,1,"",0.61637290221808,0,NA,NA,0.61637290221808,0.61637290221808,0.61637290221808,1,1
"QIfaculty","~*~","QIfaculty",1,1,"",0.602512253707062,0,NA,NA,0.602512253707062,0.602512253707062,0.602512253707062,1,1
"QIadvisor","~*~","QIadvisor",1,1,"",0.584582849430354,0,NA,NA,0.584582849430354,0.584582849430354,0.584582849430354,1,1
"QIstaff","~*~","QIstaff",1,1,"",0.586780792407447,0,NA,NA,0.586780792407447,0.586780792407447,0.586780792407447,1,1
"SB1","~1","",1,1,"",0,0,NA,NA,0,0,0,0,0
"SB2","~1","",1,1,"",0,0,NA,NA,0,0,0,0,0
"SB3","~1","",1,1,"",0,0,NA,NA,0,0,0,0,0
"PG1","~1","",1,1,"",0,0,NA,NA,0,0,0,0,0
"PG2","~1","",1,1,"",0,0,NA,NA,0,0,0,0,0
"PG3","~1","",1,1,"",0,0,NA,NA,0,0,0,0,0
"PG4","~1","",1,1,"",0,0,NA,NA,0,0,0,0,0
"PG5","~1","",1,1,"",0,0,NA,NA,0,0,0,0,0
"SE1","~1","",1,1,"",0,0,NA,NA,0,0,0,0,0
"SE2","~1","",1,1,"",0,0,NA,NA,0,0,0,0,0
"SE3","~1","",1,1,"",0,0,NA,NA,0,0,0,0,0
"MHWdacad","~1","",1,1,"",0,0,NA,NA,0,0,0,0,0
"MHWdlonely","~1","",1,1,"",0,0,NA,NA,0,0,0,0,0
"MHWdmental","~1","",1,1,"",0,0,NA,NA,0,0,0,0,0
"MHWdpeers","~1","",1,1,"",0,0,NA,NA,0,0,0,0,0
"MHWdexhaust","~1","",1,1,"",0,0,NA,NA,0,0,0,0,0
"QIstudent","~1","",1,1,"",0,0,NA,NA,0,0,0,0,0
"QIfaculty","~1","",1,1,"",0,0,NA,NA,0,0,0,0,0
"QIadvisor","~1","",1,1,"",0,0,NA,NA,0,0,0,0,0
"QIstaff","~1","",1,1,"",0,0,NA,NA,0,0,0,0,0
"X","~1","",1,1,"",0.456967213114754,0,NA,NA,0.456967213114754,0.456967213114754,0.456967213114754,0.917103229095737,0.456967213114754
"XZ_c","~1","",1,1,"",0.296078278688525,0,NA,NA,0.296078278688525,0.296078278688525,0.296078278688525,0.426489371099207,0.296078278688525
"Zplus10_c","~1","",1,1,"",0.0323815573770499,0,NA,NA,0.0323815573770499,0.0323815573770499,0.0323815573770499,0.0387943868794382,0.0323815573770499
"cohort","~1","",1,1,"",0.474385245901639,0,NA,NA,0.474385245901639,0.474385245901639,0.474385245901639,0.949774578135777,0.474385245901639
"bchsgrade","~1","",1,1,"",-0.0285402103138695,0,NA,NA,-0.0285402103138695,-0.0285402103138695,-0.0285402103138695,-0.0285341034251209,-0.0285402103138695
"bcsmath","~1","",1,1,"",0.00836068501252526,0,NA,NA,0.00836068501252526,0.00836068501252526,0.00836068501252526,0.00814128165734118,0.00836068501252526
"bparented","~1","",1,1,"",-0.0376409750662723,0,NA,NA,-0.0376409750662723,-0.0376409750662723,-0.0376409750662723,-0.037891013930545,-0.0376409750662723
"bchwork","~1","",1,1,"",0.000131694758409376,0,NA,NA,0.000131694758409376,0.000131694758409376,0.000131694758409376,0.00013527642500878,0.000131694758409376
"bcnonacad","~1","",1,1,"",-0.0124745261303329,0,NA,NA,-0.0124745261303329,-0.0124745261303329,-0.0124745261303329,-0.0125737270080288,-0.0124745261303329
"bcscourses","~1","",1,1,"",-0.0504979047802109,0,NA,NA,-0.0504979047802109,-0.0504979047802109,-0.0504979047802109,-0.0489671355328787,-0.0504979047802109
"bchstudy","~1","",1,1,"",-0.0246064571342296,0,NA,NA,-0.0246064571342296,-0.0246064571342296,-0.0246064571342296,-0.0241416353106404,-0.0246064571342296
"bdegexp","~1","",1,1,"",-0.01393575226138,0,NA,NA,-0.01393575226138,-0.01393575226138,-0.01393575226138,-0.0136380655608774,-0.01393575226138
"Belong","~1","",1,1,"",0,0,NA,NA,0,0,0,0,0
"Gains","~1","",1,1,"",0,0,NA,NA,0,0,0,0,0
"SuppEnv","~1","",1,1,"",0,0,NA,NA,0,0,0,0,0
"DevAdj","~1","",1,1,"",0,0,NA,NA,0,0,0,0,0
"M1","~1","",1,1,"",0,0,NA,NA,0,0,0,0,0
"M2","~1","",1,1,"",0,0,NA,NA,0,0,0,0,0
"Belong","=~","SB1",2,2,".p1.",0.736499299397193,0.0455214179218079,16.1791818669242,0,0.647278959745254,0.825719639049133,1.59291546234248,0.8462717075099,0.8462717075099
"Belong","=~","SB2",2,2,".p2.",0.704606229195489,0.0454848908962045,15.4909952582581,0,0.615457481198194,0.793754977192783,1.5239364901867,0.823961768566259,0.823961768566259
"Belong","=~","SB3",2,2,".p3.",0.719753491980941,0.0467003637104091,15.4121603087325,0,0.628222461043618,0.811284522918264,1.55669729406372,0.845637425552664,0.845637425552664
"Gains","=~","PG1",2,2,".p4.",0.646365338478606,0.038312952671749,16.8706741037795,0,0.571273331100591,0.721457345856622,1.40350847129482,0.832582802948049,0.832582802948049
"Gains","=~","PG2",2,2,".p5.",0.689208505522328,0.0410524624007688,16.7884814994537,0,0.608747157740137,0.76966985330452,1.49653751277235,0.850255393685113,0.850255393685113
"Gains","=~","PG3",2,2,".p6.",0.747192572940585,0.0462087546979702,16.1699352822726,0,0.656625077962118,0.837760067919053,1.62244328923803,0.846572723608159,0.846572723608159
"Gains","=~","PG4",2,2,".p7.",0.692796475129359,0.0420509267213817,16.4751773419798,0,0.610378173238918,0.7752147770198,1.50432837877093,0.836801337733505,0.836801337733505
"Gains","=~","PG5",2,2,".p8.",0.696757454243414,0.0426558084474237,16.3344097698258,0,0.613153605955024,0.780361302531804,1.51292919228962,0.828390957123805,0.828390957123805
"SuppEnv","=~","SE1",2,2,".p9.",0.724579758877616,0.0469594019480559,15.4299187983507,0,0.632541022323887,0.816618495431346,1.59541441860097,0.820667551945572,0.820667551945572
"SuppEnv","=~","SE2",2,2,".p10.",0.763705215633508,0.0515499188453724,14.8148674670914,0,0.662669231290616,0.864741199976401,1.6815627232947,0.846790399508835,0.846790399508835
"SuppEnv","=~","SE3",2,2,".p11.",0.7179321971161,0.0463561466811325,15.4873139489893,0,0.627075819159024,0.808788575073176,1.58077749871338,0.865995491253913,0.865995491253913
"DevAdj","=~","Belong",2,2,".p12.",1.52186727560705,0.0886136942246176,17.1741770718804,0,1.34818762638976,1.69554692482435,0.858650914338707,0.858650914338707,0.858650914338707
"DevAdj","=~","Gains",2,2,".p13.",1.59299596901894,0.0971646193471375,16.394815105771,0,1.402556814527,1.78343512351087,0.89523684045471,0.89523684045471,0.89523684045471
"DevAdj","=~","SuppEnv",2,2,".p14.",1.58513622827901,0.0995192624556003,15.9279338408101,0,1.39008205809805,1.78019039845998,0.878495467399878,0.878495467399878,0.878495467399878
"M1","=~","MHWdacad",2,2,".p15.",1.3474478351598,0.0544929822722229,24.7269974770063,0,1.24064355249607,1.45425211782354,1.26555815901669,0.807146424412814,0.807146424412814
"M1","=~","MHWdlonely",2,2,".p16.",1.32074477325309,0.0534839263464243,24.694237380749,0,1.21591820386231,1.42557134264388,1.24047794664412,0.79474915519872,0.79474915519872
"M1","=~","MHWdmental",2,2,".p17.",1.32845067868826,0.0517493407633143,25.6708715336914,0,1.22702383456848,1.42987752280805,1.24771553406058,0.802559866706771,0.802559866706771
"M1","=~","MHWdpeers",2,2,".p18.",1.28699646919022,0.0500178654709937,25.7307355496122,0,1.1889632542835,1.38502968409694,1.20878065904212,0.796091363324854,0.796091363324854
"M1","=~","MHWdexhaust",2,2,".p19.",1.39346086485228,0.0544246472697477,25.6034891314186,0,1.28679051633227,1.50013121337228,1.3087747968923,0.801324313337653,0.801324313337653
"M2","=~","QIstudent",2,2,".p20.",1.23387627422076,0.0529477879702147,23.3036415971686,0,1.13010051673807,1.33765203170344,1.3899930699143,0.816756559719205,0.816756559719205
"M2","=~","QIfaculty",2,2,".p21.",1.27934124145211,0.0546640792124301,23.4036914164503,0,1.1722016149477,1.38648086795651,1.44121051423656,0.815818266708264,0.815818266708264
"M2","=~","QIadvisor",2,2,".p22.",1.3404275616395,0.0590765207307868,22.6896835673154,0,1.22463970867523,1.45621541460378,1.5100258107951,0.834138169631536,0.834138169631536
"M2","=~","QIstaff",2,2,".p23.",1.33279256262997,0.0563640205255262,23.6461584926571,0,1.22232111237606,1.44326401288388,1.50142478982259,0.81554688780729,0.81554688780729
"M1","~","X",2,2,"a1_2",0.0853324972305982,0.0722984021945485,1.18028192381038,0.237888105063994,-0.0563697672105084,0.227034761671705,0.0908540534806299,0.0443013076396676,0.0908540534806299
"M1","~","XZ_c",2,2,"a1xz_2",-0.0456402666597745,0.065092445159748,-0.701160734517892,0.483202711182282,-0.173219114838529,0.0819385815189801,-0.0485934827006386,-0.0300303789870164,-0.0485934827006386
"M1","~","Zplus10_c",2,2,"a1z",0.181550523777669,0.0273200583020903,6.64531977824432,3.02560199116897e-11,0.128004193450037,0.2350968541053,0.193297999379516,0.147048849649272,0.193297999379516
"M1","~","cohort",2,2,"g1",0.0431902576412366,0.038322743904366,1.12701370624758,0.259736686027071,-0.0319209402000727,0.118301455482546,0.0459849424888509,0.0229898727372851,0.0459849424888509
"M1","~","bchsgrade",2,2,"",-0.129815608041982,0.0344987303482291,-3.76290972831832,0.000167947836816618,-0.19743187703687,-0.0621993390470936,-0.138215504976896,-0.135002372142571,-0.138215504976896
"M1","~","bcsmath",2,2,"",-0.0797896255412408,0.0325560863116907,-2.45083591367027,0.0142524907801831,-0.143598382189732,-0.0159808688927496,-0.084952522677655,-0.0827872121326878,-0.084952522677655
"M1","~","bparented",2,2,"",-0.0258265048328512,0.0326489574282615,-0.791036126945218,0.428922910051575,-0.0898172855250251,0.0381642758593227,-0.0274976442440294,-0.0270007935291661,-0.0274976442440294
"M1","~","bchwork",2,2,"",0.0370117318304523,0.0298022579578513,1.24191032380155,0.214269650612627,-0.0213996204249083,0.095423084085813,0.0394066266928477,0.0409228666790387,0.0394066266928477
"M1","~","bcnonacad",2,2,"",0.061557110452495,0.0302743969170352,2.03330591922898,0.0420216255327002,0.00222038284143571,0.120893838063554,0.0655402476977858,0.0659597224277809,0.0655402476977858
"M1","~","bcscourses",2,2,"",0.0947336709514565,0.0302094867956068,3.13589143676658,0.00171332614458275,0.0355241648406289,0.153943177062284,0.100863543038956,0.107825415133618,0.100863543038956
"M1","~","bchstudy",2,2,"",0.0865014483430082,0.0310063335056079,2.7897993268815,0.00527407195229768,0.0257301513793792,0.147272745306637,0.0920986431777548,0.09474126031922,0.0920986431777548
"M1","~","bdegexp",2,2,"",-0.0418700104323557,0.0305133609721816,-1.37218612104146,0.17000550487005,-0.101675098985102,0.0179350781203904,-0.0445792668738602,-0.0464967329788786,-0.0445792668738602
"M2","~","X",2,2,"a2",0.175571204082109,0.0431655330757079,4.06739339403442,4.75419461414273e-05,0.0909683138802487,0.260174094283969,0.155851959151596,0.0759949096832732,0.155851959151596
"M2","~","Zplus10_c",2,2,"a2z",0.00650010399191754,0.0319540878892563,0.203420107450572,0.838806684878695,-0.0561287574298523,0.0691289654136874,0.00577004610252422,0.00438948486028339,0.00577004610252422
"M2","~","M1",2,2,"d",-0.268446574108824,0.0231749211581205,-11.5834946007901,0,-0.313868584923296,-0.223024563294353,-0.223813867236033,-0.223813867236033,-0.223813867236033
"M2","~","cohort",2,2,"g2",-0.0604398357377642,0.0412318143400427,-1.46585438223288,0.142687961909422,-0.14125270686149,0.0203730353859615,-0.0536515475859351,-0.0268227420629719,-0.0536515475859351
"M2","~","bchsgrade",2,2,"",0.0671526855908093,0.0416577076177748,1.61201106424195,0.106959532087803,-0.0144949210185292,0.148800292200148,0.0596104450404305,0.0582246650712432,0.0596104450404305
"M2","~","bcsmath",2,2,"",0.0796681643784148,0.0378240366107668,2.10628403304096,0.0351796874254178,0.00553441487138739,0.153801913885442,0.0707202503126911,0.0689176987354315,0.0707202503126911
"M2","~","bparented",2,2,"",0.0816286840219207,0.037869826143691,2.1555072292171,0.0311221635289058,0.00740518867949287,0.155852179364348,0.0724605745816566,0.0711512955772155,0.0724605745816566
"M2","~","bchwork",2,2,"",-0.010547882107034,0.03477202296308,-0.303343930211753,0.761627770855922,-0.0786997947842706,0.0576040305702026,-0.00936319882224257,-0.00972346453500191,-0.00936319882224257
"M2","~","bcnonacad",2,2,"",-0.0979532602735058,0.0363375855315023,-2.69564581247664,0.0070252322609965,-0.169173619200394,-0.0267329013466175,-0.0869516592924461,-0.0875081726576764,-0.0869516592924461
"M2","~","bcscourses",2,2,"",0.0725295049570408,0.0355033549739588,2.04289158053486,0.0410631719716736,0.00294420787774061,0.142114802036341,0.0643833680069981,0.068827280639684,0.0643833680069981
"M2","~","bchstudy",2,2,"",0.0232626989138979,0.035913808410372,0.647736899637177,0.517155133811403,-0.0471270721181029,0.0936524699458988,0.020649953503703,0.0212424695193192,0.020649953503703
"M2","~","bdegexp",2,2,"",-0.00490371226688215,0.0370583870245403,-0.132323953107697,0.894728062121264,-0.0775368161601275,0.0677293916263632,-0.00435295279715619,-0.00454018421728944,-0.00435295279715619
"DevAdj","~","X",2,2,"c",0.127635098322911,0.0455367927788513,2.80290047967956,0.00506452946289415,0.038384624504899,0.216885572140923,0.104594745909643,0.0510014010219575,0.104594745909643
"DevAdj","~","Zplus10_c",2,2,"cz",0.202085691075116,0.0264454787245259,7.64159700719274,2.1538326677728e-14,0.150253505221125,0.253917876929107,0.165605713379094,0.125982316040067,0.165605713379094
"DevAdj","~","M1",2,2,"b1",-0.360337881479364,0.0267581305358872,-13.4664819351296,0,-0.412782853623324,-0.307892909335404,-0.277344667370075,-0.277344667370075,-0.277344667370075
"DevAdj","~","M2",2,2,"b2",0.36879266907959,0.0256422073313481,14.3822512747853,0,0.318534866226038,0.419050471933141,0.340457615454074,0.340457615454074,0.340457615454074
"DevAdj","~","cohort",2,2,"g3",0.00867098440532933,0.042920064501751,0.202026360071653,0.839896116694706,-0.0754507962322387,0.0927927650428974,0.00710572109536349,0.00355245901913774,0.00710572109536349
"DevAdj","~","bchsgrade",2,2,"",0.120481661976412,0.0429288464253279,2.80654319901148,0.00500761975745845,0.0363426690849185,0.204620654867906,0.0987326290869659,0.0964373652351171,0.0987326290869659
"DevAdj","~","bcsmath",2,2,"",0.0200573847721662,0.0386045409081738,0.519560246031042,0.603370112062214,-0.0556061250475576,0.09572089459189,0.0164366784013367,0.016017732477839,0.0164366784013367
"DevAdj","~","bparented",2,2,"",0.048041152161298,0.0384902568700342,1.24813799823455,0.211980524960393,-0.0273983650596645,0.12348066938226,0.0393688896670478,0.0386575392400492,0.0393688896670478
"DevAdj","~","bchwork",2,2,"",-0.103509178754296,0.0357285594112379,-2.89709914029555,0.00376630714549697,-0.173535868419821,-0.0334824890887698,-0.0848239739176666,-0.0880877270433541,-0.0848239739176666
"DevAdj","~","bcnonacad",2,2,"",0.000650709412697126,0.036321037828955,0.0179154961309608,0.985706266873419,-0.0705372166131715,0.0718386354385658,0.000533245060147002,0.000536657968023972,0.000533245060147002
"DevAdj","~","bcscourses",2,2,"",0.0565449460062453,0.0360249689622851,1.56960429488344,0.116507198715643,-0.0140626957040067,0.127152587716497,0.0463376010024673,0.049535946426721,0.0463376010024673
"DevAdj","~","bchstudy",2,2,"",0.0246101216235718,0.0359577698319029,0.684417352316907,0.493711661772161,-0.0458658122113389,0.0950860554584824,0.0201675671648764,0.0207462419080937,0.0201675671648764
"DevAdj","~","bdegexp",2,2,"",0.0576007864430788,0.0365355718356332,1.57656726168716,0.114895130691629,-0.0140076185093383,0.129209191395496,0.0472028438993101,0.0492331566340059,0.0472028438993101
"SB1","|","t1",2,2,".p61.",-1.23101926385934,0.0703971665590695,-17.4867728920084,0,-1.36899517492878,-1.09304335278989,-1.23101926385934,-0.654006316739385,-0.654006316739385
"SB1","|","t2",2,2,".p62.",0.0232552396458765,0.0572904375126854,0.405918346159029,0.684802597504701,-0.0890319545375295,0.135542433829282,0.0232552396458765,0.0123548624072785,0.0123548624072785
"SB1","|","t3",2,2,".p63.",1.28210876513371,0.073138973898815,17.5297614498592,0,1.13875901042582,1.4254585198416,1.28210876513371,0.681148748652069,0.681148748652069
"SB2","|","t1",2,2,".p64.",-1.23853646717711,0.068929379388036,-17.9681940875284,0,-1.37363556825436,-1.10343736609986,-1.23853646717711,-0.66965172400592,-0.66965172400592
"SB2","|","t2",2,2,".p65.",-0.0166893989785973,0.0555370596592225,-0.300509228990589,0.763788757842568,-0.125540035717926,0.0921612377607312,-0.0166893989785973,-0.00902362190764802,-0.00902362190764802
"SB2","|","t3",2,2,".p66.",1.20458605169909,0.0704349606178276,17.1021044255997,0,1.06653606563565,1.34263603776253,1.20458605169909,0.651295418109339,0.651295418109339
"SB3","|","t1",2,2,".p67.",-1.2495041570466,0.0695177028772384,-17.9738988103952,0,-1.38575635097395,-1.11325196311926,-1.2495041570466,-0.678762327532505,-0.678762327532505
"SB3","|","t2",2,2,".p68.",-0.013658032587742,0.055652997299701,-0.245414142102555,0.80613577996123,-0.122735902926861,0.0954198377513769,-0.013658032587742,-0.00741938947260722,-0.00741938947260722
"SB3","|","t3",2,2,".p69.",1.22602891493416,0.0712128335615886,17.2164040330431,0,1.0864543259164,1.36560350395192,1.22602891493416,0.666009981023076,0.666009981023076
"PG1","|","t1",2,2,".p70.",-1.37472185293122,0.066451930450498,-20.6874630068917,0,-1.50496524331735,-1.24447846254508,-1.37472185293122,-0.815506138364434,-0.815506138364434
"PG1","|","t2",2,2,".p71.",-0.229659876422153,0.0535649792044546,-4.28750052428012,1.80694831191097e-05,-0.334645306495521,-0.124674446348785,-0.229659876422153,-0.136237769523297,-0.136237769523297
"PG1","|","t3",2,2,".p72.",0.915628683211191,0.062757782421574,14.5898826867475,0,0.792625689915305,1.03863167650708,0.915628683211191,0.543165011910691,0.543165011910691
"PG2","|","t1",2,2,".p73.",-1.39371308171467,0.0703453280746504,-19.8124469650019,0,-1.53158739122164,-1.2558387722077,-1.39371308171467,-0.79183585768068,-0.79183585768068
"PG2","|","t2",2,2,".p74.",-0.186427190922786,0.0565493955991413,-3.2967141195337,0.000978230173292571,-0.29726196964461,-0.075592412200961,-0.186427190922786,-0.105918310272103,-0.105918310272103
"PG2","|","t3",2,2,".p75.",1.01452086171227,0.0665377246549422,15.2473031948939,0,0.884109317775338,1.1449324056492,1.01452086171227,0.576398404527093,0.576398404527093
"PG3","|","t1",2,2,".p76.",-1.53455588163151,0.0746202665203294,-20.5648673368573,0,-1.68080891652813,-1.38830284673488,-1.53455588163151,-0.800714059381283,-0.800714059381283
"PG3","|","t2",2,2,".p77.",-0.245534010480807,0.0595460933844115,-4.12342769316055,3.73275672826967e-05,-0.362242208934312,-0.128825812027301,-0.245534010480807,-0.12811689466742,-0.12811689466742
"PG3","|","t3",2,2,".p78.",1.04455185383558,0.0697156490020615,14.9830327736702,0,0.9079116926327,1.18119201503845,1.04455185383558,0.545035449754818,0.545035449754818
"PG4","|","t1",2,2,".p79.",-1.48882901004045,0.0709386478941006,-20.9875583231163,0,-1.62786620502485,-1.34979181505604,-1.48882901004045,-0.828179621444215,-0.828179621444215
"PG4","|","t2",2,2,".p80.",-0.277121897005155,0.0563220695229704,-4.92030742748424,8.6408380606251e-07,-0.387511124804938,-0.166732669205372,-0.277121897005155,-0.154152495825828,-0.154152495825828
"PG4","|","t3",2,2,".p81.",0.935716202393685,0.0654433820186928,14.2981027802997,0,0.807449530610551,1.06398287417682,0.935716202393685,0.520503754999082,0.520503754999082
"PG5","|","t1",2,2,".p82.",-1.18599434191391,0.0668197376984661,-17.7491618908455,0,-1.31695862125932,-1.0550300625685,-1.18599434191391,-0.649380680238344,-0.649380680238344
"PG5","|","t2",2,2,".p83.",0.0403827769653489,0.0555849195956695,0.726505988658389,0.467528637567354,-0.068561663525718,0.149327217456416,0.0403827769653489,0.022111231267219,0.022111231267219
"PG5","|","t3",2,2,".p84.",1.26802039930991,0.0696492641160675,18.2057975113249,0,1.1315103500927,1.40453044852713,1.26802039930991,0.69429332026252,0.69429332026252
"SE1","|","t1",2,2,".p85.",-1.74190502141546,0.08058049845436,-21.6169551545037,0,-1.89983989624229,-1.58397014658863,-1.74190502141546,-0.896021066990409,-0.896021066990409
"SE1","|","t2",2,2,".p86.",-0.473059824311128,0.059338309738282,-7.9722497387878,1.55431223447522e-15,-0.589360774301643,-0.356758874320613,-0.473059824311128,-0.243337933652156,-0.243337933652156
"SE1","|","t3",2,2,".p87.",0.800700418017165,0.0678710966168588,11.7973696894456,0,0.667675513056884,0.933725322977447,0.800700418017165,0.411873456974374,0.411873456974374
"SE2","|","t1",2,2,".p88.",-1.63443269556658,0.0799477366493373,-20.4437644399547,0,-1.79112738004478,-1.47773801108839,-1.63443269556658,-0.823056967234265,-0.823056967234265
"SE2","|","t2",2,2,".p89.",-0.328768111083635,0.0606133749192741,-5.42401922878397,5.82736090493086e-08,-0.447568142906836,-0.209968079260434,-0.328768111083635,-0.165558903199762,-0.165558903199762
"SE2","|","t3",2,2,".p90.",0.979450608676801,0.0706268996168556,13.8679541929524,0,0.841024429088038,1.11787678826556,0.979450608676801,0.493225355635602,0.493225355635602
"SE3","|","t1",2,2,".p91.",-1.30973221170383,0.0725576767074022,-18.0509116490249,0,-1.45194264485224,-1.16752177855542,-1.30973221170383,-0.717509068169743,-0.717509068169743
"SE3","|","t2",2,2,".p92.",-0.0754306774205962,0.057323749503584,-1.31587131117235,0.188217239305322,-0.187783161906417,0.0369218070652241,-0.0754306774205962,-0.0413230999312882,-0.0413230999312882
"SE3","|","t3",2,2,".p93.",1.16383035719202,0.0724138388737505,16.0719328693662,0,1.02190184101718,1.30575887336686,1.16383035719202,0.637579825581428,0.637579825581428
"MHWdacad","|","t1",2,2,".p94.",-1.55895567909251,0.0643304856533577,-24.2335443803873,0,-1.68504111408106,-1.43287024410396,-1.55895567909251,-0.994269203064717,-0.994269203064717
"MHWdacad","|","t2",2,2,".p95.",-0.670615740359793,0.0495964609478505,-13.5214434163948,0,-0.767823017578228,-0.573408463141359,-0.670615740359793,-0.427704640146232,-0.427704640146232
"MHWdacad","|","t3",2,2,".p96.",0.0401296469560374,0.0458272836616448,0.8756715159538,0.381208634511919,-0.0496901785300874,0.129949472442162,0.0401296469560374,0.0255938463378727,0.0255938463378727
"MHWdacad","|","t4",2,2,".p97.",0.754430803038446,0.0504369746712221,14.9578916649199,0,0.655576149193692,0.853285456883201,0.754430803038446,0.481160127490705,0.481160127490705
"MHWdacad","|","t5",2,2,".p98.",1.64112519170232,0.0652856797873525,25.1375982764945,0,1.5131676106129,1.76908277279175,1.64112519170232,1.04667519312233,1.04667519312233
"MHWdlonely","|","t1",2,2,".p99.",-1.47252273133673,0.0609440951374821,-24.1618606038026,0,-1.59197096287657,-1.35307449979688,-1.47252273133673,-0.943415560032135,-0.943415560032135
"MHWdlonely","|","t2",2,2,".p100.",-0.587588794425801,0.0481317584842829,-12.2079228544636,0,-0.681925307567576,-0.493252281284026,-0.587588794425801,-0.376456267713168,-0.376456267713168
"MHWdlonely","|","t3",2,2,".p101.",0.119010900082835,0.0454598618104772,2.61793360875124,0.00884640150039218,0.0299112081921321,0.208110591973538,0.119010900082835,0.0762478789374299,0.0762478789374299
"MHWdlonely","|","t4",2,2,".p102.",0.82472300362873,0.0505451450377947,16.3165622140771,0,0.725656339761299,0.923789667496161,0.82472300362873,0.528383363992947,0.528383363992947
"MHWdlonely","|","t5",2,2,".p103.",1.70673306391763,0.0657069367832736,25.9749297025835,0,1.57794983428796,1.8355162935473,1.70673306391763,1.09346938764031,1.09346938764031
"MHWdmental","|","t1",2,2,".p104.",-1.46269382286616,0.0610012346235506,-23.9781019497834,0,-1.58225404574079,-1.34313359999152,-1.46269382286616,-0.940838939218725,-0.940838939218725
"MHWdmental","|","t2",2,2,".p105.",-0.584124293979332,0.0483353504601018,-12.0848258762807,0,-0.678859840061253,-0.489388747897411,-0.584124293979332,-0.375722432492756,-0.375722432492756
"MHWdmental","|","t3",2,2,".p106.",0.120277008657617,0.0459757653879722,2.61609584185591,0.00889415884667222,0.0301661643355284,0.210387852979706,0.120277008657617,0.0773649901768872,0.0773649901768872
"MHWdmental","|","t4",2,2,".p107.",0.824190703603652,0.0506331378213587,16.2776936027848,0,0.724951577049537,0.923429830157768,0.824190703603652,0.530138772154609,0.530138772154609
"MHWdmental","|","t5",2,2,".p108.",1.70129440725248,0.0657846960637879,25.8615530518348,0,1.57235877223354,1.83023004227142,1.70129440725248,1.09431242574177,1.09431242574177
"MHWdpeers","|","t1",2,2,".p109.",-1.45306162512243,0.0591109406669393,-24.5819404788313,0,-1.56891693992191,-1.33720631032294,-1.45306162512243,-0.956972467656294,-0.956972467656294
"MHWdpeers","|","t2",2,2,".p110.",-0.593984714110806,0.047676087959748,-12.4587553117256,0,-0.687428129435676,-0.500541298785936,-0.593984714110806,-0.39119264302699,-0.39119264302699
"MHWdpeers","|","t3",2,2,".p111.",0.0958738816589332,0.0450866150154286,2.12643778261298,0.0334668246108472,0.00750574004387033,0.184242023273996,0.0958738816589332,0.0631416200997025,0.0631416200997025
"MHWdpeers","|","t4",2,2,".p112.",0.790687017323199,0.049410519475916,16.0024024379788,0,0.693844178692989,0.887529855953409,0.790687017323199,0.52073889574217,0.52073889574217
"MHWdpeers","|","t5",2,2,".p113.",1.65280022262317,0.06407081978285,25.7964581727668,0,1.52722372338882,1.77837672185751,1.65280022262317,1.08851839470559,1.08851839470559
"MHWdexhaust","|","t1",2,2,".p114.",-1.51547082150006,0.0626039869545951,-24.2072573205152,0,-1.63817238121968,-1.39276926178044,-1.51547082150006,-0.927878209685385,-0.927878209685385
"MHWdexhaust","|","t2",2,2,".p115.",-0.60169141908432,0.0493549193839497,-12.1911134005416,0,-0.698425283536739,-0.504957554631901,-0.60169141908432,-0.368397958444623,-0.368397958444623
"MHWdexhaust","|","t3",2,2,".p116.",0.134941087850451,0.0471931518750056,2.85933620640241,0.00424528588729656,0.0424442098585116,0.227437965842391,0.134941087850451,0.0826204590885752,0.0826204590885752
"MHWdexhaust","|","t4",2,2,".p117.",0.868197063306664,0.052160895883348,16.6445964664466,0,0.765963585973959,0.97043054063937,0.868197063306664,0.531571525710873,0.531571525710873
"MHWdexhaust","|","t5",2,2,".p118.",1.77780292404892,0.0670745614571698,26.5048758490077,0,1.64633919931405,1.9092666487838,1.77780292404892,1.08849644014073,1.08849644014073
"QIstudent","|","t1",2,2,".p119.",-1.76976734687771,0.0668236395281754,-26.4841508091087,0,-1.90073927366882,-1.6387954200866,-1.76976734687771,-1.03991100461267,-1.03991100461267
"QIstudent","|","t2",2,2,".p120.",-0.938264109723209,0.049808085987173,-18.8375861293855,0,-1.03588616439694,-0.840642055049476,-0.938264109723209,-0.551321717318187,-0.551321717318187
"QIstudent","|","t3",2,2,".p121.",-0.294888216562586,0.0431028065239326,-6.84150848504146,7.8363981970142e-12,-0.379368164982092,-0.21040826814308,-0.294888216562586,-0.173275601493638,-0.173275601493638
"QIstudent","|","t4",2,2,".p122.",0.305021532987485,0.0434540024293247,7.01941169823388,2.22799556581776e-12,0.219853253241893,0.390189812733078,0.305021532987485,0.179229913670358,0.179229913670358
"QIstudent","|","t5",2,2,".p123.",0.950895158307812,0.0501048252589563,18.9781154488277,0,0.852691505348585,1.04909881126704,0.950895158307812,0.558743690859568,0.558743690859568
"QIstudent","|","t6",2,2,".p124.",1.78680679262123,0.0654858169594607,27.2854012606633,0,1.65845694988251,1.91515663535996,1.78680679262123,1.04992334164242,1.04992334164242
"QIfaculty","|","t1",2,2,".p125.",-1.79623388276968,0.0675909403680604,-26.5750686850701,0,-1.92870969157228,-1.66375807396709,-1.79623388276968,-1.01678443112113,-1.01678443112113
"QIfaculty","|","t2",2,2,".p126.",-0.938304015688792,0.050559169253785,-18.5585330917705,0,-1.03739816651448,-0.839209864863109,-0.938304015688792,-0.531140696076678,-0.531140696076678
"QIfaculty","|","t3",2,2,".p127.",-0.278330247056823,0.0443328379348277,-6.27819602855084,3.42523787111304e-10,-0.365221012741537,-0.19143948137211,-0.278330247056823,-0.157552902565843,-0.157552902565843
"QIfaculty","|","t4",2,2,".p128.",0.340835138746507,0.0449987114398372,7.57433108284,3.61932706027801e-14,0.252639284973715,0.429030992519298,0.340835138746507,0.192934709661579,0.192934709661579
"QIfaculty","|","t5",2,2,".p129.",1.00778674153471,0.0522130925906282,19.3014183135285,0,0.905450960535621,1.11012252253379,1.00778674153471,0.570472408138055,0.570472408138055
"QIfaculty","|","t6",2,2,".p130.",1.8698697144727,0.0694393828653135,26.9280865888389,0,1.733771024948,2.0059684039974,1.8698697144727,1.05846706942703,1.05846706942703
"QIadvisor","|","t1",2,2,".p131.",-1.87620682817551,0.0729296758451664,-25.726246640103,0,-2.01914636623622,-1.73326729011481,-1.87620682817551,-1.03641654223146,-1.03641654223146
"QIadvisor","|","t2",2,2,".p132.",-0.994166552538303,0.0540090669055905,-18.4074010068742,0,-1.10002237851187,-0.888310726564731,-0.994166552538303,-0.549177545519268,-0.549177545519268
"QIadvisor","|","t3",2,2,".p133.",-0.313897108098013,0.0459568717741204,-6.8302540181766,8.47633074840815e-12,-0.403970921617414,-0.223823294578611,-0.313897108098013,-0.173396744167996,-0.173396744167996
"QIadvisor","|","t4",2,2,".p134.",0.320670508741629,0.045824981930536,6.99772253544406,2.60147459130167e-12,0.230855194565579,0.410485822917678,0.320670508741629,0.177138370287667,0.177138370287667
"QIadvisor","|","t5",2,2,".p135.",1.0036125029715,0.0540322285246933,18.5743311052373,0,0.897711281058665,1.10951372488434,1.0036125029715,0.55439548798651,0.55439548798651
"QIadvisor","|","t6",2,2,".p136.",1.89182346951807,0.0727712253040576,25.9968615563847,0,1.74919448881127,2.03445245022487,1.89182346951807,1.04504317399639,1.04504317399639
"QIstaff","|","t1",2,2,".p137.",-1.85530875667504,0.0706299053927069,-26.2680340057005,0,-1.99374082747621,-1.71687668587386,-1.85530875667504,-1.00777028105865,-1.00777028105865
"QIstaff","|","t2",2,2,".p138.",-0.967887798347424,0.0521283022649525,-18.5674145577951,0,-1.07005739336195,-0.865718203332899,-0.967887798347424,-0.525739209209516,-0.525739209209516
"QIstaff","|","t3",2,2,".p139.",-0.285012762793635,0.0455848678229902,-6.25235470464373,4.04309918877743e-10,-0.374357461966715,-0.195668063620556,-0.285012762793635,-0.154813796373492,-0.154813796373492
"QIstaff","|","t4",2,2,".p140.",0.350784229698812,0.0459760717881774,7.62971293665448,2.35367281220533e-14,0.260672784843356,0.440895674554268,0.350784229698812,0.190539671891622,0.190539671891622
"QIstaff","|","t5",2,2,".p141.",1.03495071756136,0.0535791401140143,19.3162995031094,0,0.929937532615268,1.13996390250745,1.03495071756136,0.562166578347774,0.562166578347774
"QIstaff","|","t6",2,2,".p142.",1.92062585553872,0.0722858976144023,26.5698555171024,0,1.77894809962435,2.0623036114531,1.92062585553872,1.04324935204507,1.04324935204507
"SB1","~~","SB1",2,2,"",1.00557676564223,0.156965352458102,6.40636133958696,1.49033452245817e-10,0.697930328003711,1.31322320328074,1.00557676564223,0.283824197068279,0.283824197068279
"SB2","~~","SB2",2,2,"",1.09835401522448,0.169190636824608,6.49181323410403,8.48092707173009e-11,0.76674646052685,1.42996156992211,1.09835401522448,0.321087003941163,0.321087003941163
"SB3","~~","SB3",2,2,"",0.965446809059369,0.149169916799184,6.47212809241607,9.66320357065342e-11,0.673079144556131,1.25781447356261,0.965446809059369,0.284897344504662,0.284897344504662
"PG1","~~","PG1",2,2,"",0.871844189378694,0.11755956572549,7.41619096666716,1.20570220474292e-13,0.641431674518564,1.10225670423882,0.871844189378694,0.30680587623517,0.30680587623517
"PG2","~~","PG2",2,2,"",0.858339879977325,0.115469472578601,7.43347883045926,1.05693231944315e-13,0.632023872409432,1.08465588754522,0.858339879977325,0.277065765509374,0.277065765509374
"PG3","~~","PG3",2,2,"",1.04058964448353,0.144973333333444,7.17780036201646,7.0832228971085e-13,0.756447132431256,1.3247321565358,1.04058964448353,0.283314623642663,0.283314623642663
"PG4","~~","PG4",2,2,"",0.968767022777844,0.12667797849136,7.6474777567114,2.04281036531029e-14,0.720482747300438,1.21705129825525,0.968767022777844,0.299763521167416,0.299763521167416
"PG5","~~","PG5",2,2,"",1.04658797499216,0.14128189158537,7.40779984786483,1.28341781646668e-13,0.769680555817144,1.32349539416718,1.04658797499216,0.313768422155506,0.313768422155506
"SE1","~~","SE1",2,2,"",1.23396269380018,0.187351872490114,6.58633766185227,4.50808279595094e-11,0.866759771283417,1.60116561631694,1.23396269380018,0.326504769183663,0.326504769183663
"SE2","~~","SE2",2,2,"",1.11577822071483,0.170679412617562,6.53727478670748,6.26498852795976e-11,0.78125271908196,1.45030372234771,1.11577822071483,0.282946019299668,0.282946019299668
"SE3","~~","SE3",2,2,"",0.833182673606872,0.125171864771147,6.65630950797283,2.80788725603998e-11,0.587850326777707,1.07851502043604,0.833182673606872,0.250051809127894,0.250051809127894
"MHWdacad","~~","MHWdacad",2,2,"",0.856802252835192,0.0818069570791484,10.4734644023764,0,0.696463563275247,1.01714094239514,0.856802252835192,0.34851464955761,0.34851464955761
"MHWdlonely","~~","MHWdlonely",2,2,"",0.897442549651905,0.0908289947577706,9.88057340109587,0,0.719420991174697,1.07546410812911,0.897442549651905,0.368373780310922,0.368373780310922
"MHWdmental","~~","MHWdmental",2,2,"",0.860203926207757,0.0830116226990301,10.3624516451936,0,0.69750413541943,1.02290371699608,0.860203926207757,0.35589766035161,0.35589766035161
"MHWdpeers","~~","MHWdpeers",2,2,"",0.844370838255568,0.0810523970049725,10.417592439663,0,0.68551105926518,1.00323061724596,0.844370838255568,0.366238541239576,0.366238541239576
"MHWdexhaust","~~","MHWdexhaust",2,2,"",0.954662448267142,0.0929478691371612,10.2709449622602,0,0.772487972318564,1.13683692421572,0.954662448267142,0.35787934485394,0.35787934485394
"QIstudent","~~","QIstudent",2,2,"",0.964195680195934,0.0952447045604338,10.1233521028368,0,0.777519489539326,1.15087187085254,0.964195680195934,0.33290872215565,0.33290872215565
"QIfaculty","~~","QIfaculty",2,2,"",1.04372702707603,0.108762963765202,9.59634595218672,0,0.830555535244396,1.25689851890766,1.04372702707603,0.334440555705124,0.334440555705124
"QIadvisor","~~","QIadvisor",2,2,"",0.996945126601886,0.110157599457554,9.05017113218804,0,0.781040199041692,1.21285005416208,0.996945126601886,0.30421351396375,0.30421351396375
"QIstaff","~~","QIstaff",2,2,"",1.13501800651508,0.114861028917583,9.88166323435516,0,0.909894526609405,1.36014148642076,1.13501800651508,0.334883273787844,0.334883273787844
"Belong","~~","Belong",2,2,"",1.22894264012724,0.20404539477213,6.02288839451475,1.71331593357138e-09,0.829021015162611,1.62886426509188,0.262718607305303,0.262718607305303,0.262718607305303
"Gains","~~","Gains",2,2,"",0.936151280637194,0.158545584668304,5.90461905700958,3.53462525914949e-09,0.625407644779473,1.24689491649492,0.198550999492668,0.198550999492668,0.198550999492668
"SuppEnv","~~","SuppEnv",2,2,"",1.10656584251739,0.203770491742847,5.43045184340944,5.62115467506175e-08,0.707183017589395,1.50594866744539,0.228245713757869,0.228245713757869,0.228245713757869
"DevAdj","~~","DevAdj",2,2,"",0.998758770295181,0.0909429944159428,10.9822507682911,0,0.820513776593706,1.17700376399666,0.670718229002004,0.670718229002004,0.670718229002004
"M1","~~","M1",2,2,"",0.831855891648624,0.0722401903679907,11.5151398052962,0,0.690267720291045,0.973444063006203,0.94299155352418,0.94299155352418,0.94299155352418
"M2","~~","M2",2,2,"",1.15214169913118,0.0952250182535387,12.0991491549372,0,0.965504092927074,1.33877930533528,0.907870390255426,0.907870390255426,0.907870390255426
"X","~~","X",2,2,"",0.237763110887526,0,NA,NA,0.237763110887526,0.237763110887526,0.237763110887526,1,0.237763110887526
"X","~~","XZ_c",2,2,"",0.144913286234025,0,NA,NA,0.144913286234025,0.144913286234025,0.144913286234025,0.48089823263724,0.144913286234025
"X","~~","Zplus10_c",2,2,"",0.260371052881003,0,NA,NA,0.260371052881003,0.260371052881003,0.260371052881003,0.701917693216855,0.260371052881003
"X","~~","cohort",2,2,"",0.0138582062891431,0,NA,NA,0.0138582062891431,0.0138582062891431,0.0138582062891431,0.056847826553984,0.0138582062891431
"X","~~","bchsgrade",2,2,"",0.124197251784713,0,NA,NA,0.124197251784713,0.124197251784713,0.124197251784713,0.260768491055576,0.124197251784713
"X","~~","bcsmath",2,2,"",0.0682647947164265,0,NA,NA,0.0682647947164265,0.0682647947164265,0.0682647947164265,0.14366056603686,0.0682647947164265
"X","~~","bparented",2,2,"",0.047636648869999,0,NA,NA,0.047636648869999,0.047636648869999,0.047636648869999,0.0994919461364283,0.047636648869999
"X","~~","bchwork",2,2,"",-0.00349953085304276,0,NA,NA,-0.00349953085304276,-0.00349953085304276,-0.00349953085304276,-0.00691099852877754,-0.00349953085304276
"X","~~","bcnonacad",2,2,"",-0.0254328613662985,0,NA,NA,-0.0254328613662985,-0.0254328613662985,-0.0254328613662985,-0.0518265435738531,-0.0254328613662985
"X","~~","bcscourses",2,2,"",0.0795688539612065,0,NA,NA,0.0795688539612065,0.0795688539612065,0.0795688539612065,0.15264547912677,0.0795688539612065
"X","~~","bchstudy",2,2,"",0.062882775412976,0,NA,NA,0.062882775412976,0.062882775412976,0.062882775412976,0.125364201486366,0.062882775412976
"X","~~","bdegexp",2,2,"",0.0596235439714016,0,NA,NA,0.0596235439714016,0.0596235439714016,0.0596235439714016,0.117234661132809,0.0596235439714016
"XZ_c","~~","XZ_c",2,2,"",0.381913995720528,0,NA,NA,0.381913995720528,0.381913995720528,0.381913995720528,1,0.381913995720528
"XZ_c","~~","Zplus10_c",2,2,"",0.452283887515763,0,NA,NA,0.452283887515763,0.452283887515763,0.452283887515763,0.962042054625077,0.452283887515763
"XZ_c","~~","cohort",2,2,"",0.00472685171008406,0,NA,NA,0.00472685171008406,0.00472685171008406,0.00472685171008406,0.0152991841264671,0.00472685171008406
"XZ_c","~~","bchsgrade",2,2,"",0.134094540059477,0,NA,NA,0.134094540059477,0.134094540059477,0.134094540059477,0.222148647373311,0.134094540059477
"XZ_c","~~","bcsmath",2,2,"",0.0872625485098611,0,NA,NA,0.0872625485098611,0.0872625485098611,0.0872625485098611,0.144896577483518,0.0872625485098611
"XZ_c","~~","bparented",2,2,"",0.0372472388140418,0,NA,NA,0.0372472388140418,0.0372472388140418,0.0372472388140418,0.0613804767774752,0.0372472388140418
"XZ_c","~~","bchwork",2,2,"",-0.0162038729979872,0,NA,NA,-0.0162038729979872,-0.0162038729979872,-0.0162038729979872,-0.0252487135152826,-0.0162038729979872
"XZ_c","~~","bcnonacad",2,2,"",-0.041513117044778,0,NA,NA,-0.041513117044778,-0.041513117044778,-0.041513117044778,-0.0667470100274716,-0.041513117044778
"XZ_c","~~","bcscourses",2,2,"",0.0716946261913013,0,NA,NA,0.0716946261913013,0.0716946261913013,0.0716946261913013,0.108521777476666,0.0716946261913013
"XZ_c","~~","bchstudy",2,2,"",0.108884846495878,0,NA,NA,0.108884846495878,0.108884846495878,0.108884846495878,0.171276875027218,0.108884846495878
"XZ_c","~~","bdegexp",2,2,"",0.036113681031736,0,NA,NA,0.036113681031736,0.036113681031736,0.036113681031736,0.0560272690445055,0.036113681031736
"Zplus10_c","~~","Zplus10_c",2,2,"",0.578720070794792,0,NA,NA,0.578720070794792,0.578720070794792,0.578720070794792,1,0.578720070794792
"Zplus10_c","~~","cohort",2,2,"",0.0114563966840919,0,NA,NA,0.0114563966840919,0.0114563966840919,0.0114563966840919,0.030122627487538,0.0114563966840919
"Zplus10_c","~~","bchsgrade",2,2,"",0.194404725526134,0,NA,NA,0.194404725526134,0.194404725526134,0.194404725526134,0.261630222371877,0.194404725526134
"Zplus10_c","~~","bcsmath",2,2,"",0.120411932824158,0,NA,NA,0.120411932824158,0.120411932824158,0.120411932824158,0.162423280308532,0.120411932824158
"Zplus10_c","~~","bparented",2,2,"",0.0603795955053133,0,NA,NA,0.0603795955053133,0.0603795955053133,0.0603795955053133,0.0808304297898256,0.0603795955053133
"Zplus10_c","~~","bchwork",2,2,"",-0.0179032451802248,0,NA,NA,-0.0179032451802248,-0.0179032451802248,-0.0179032451802248,-0.0226621285092215,-0.0179032451802248
"Zplus10_c","~~","bcnonacad",2,2,"",-0.0538633145242524,0,NA,NA,-0.0538633145242524,-0.0538633145242524,-0.0538633145242524,-0.070353881238358,-0.0538633145242524
"Zplus10_c","~~","bcscourses",2,2,"",0.110333261674863,0,NA,NA,0.110333261674863,0.110333261674863,0.110333261674863,0.13567044997557,0.110333261674863
"Zplus10_c","~~","bchstudy",2,2,"",0.139420722236419,0,NA,NA,0.139420722236419,0.139420722236419,0.139420722236419,0.178158739055225,0.139420722236419
"Zplus10_c","~~","bdegexp",2,2,"",0.0650668739842487,0,NA,NA,0.0650668739842487,0.0650668739842487,0.0650668739842487,0.0820042107699724,0.0650668739842487
"cohort","~~","cohort",2,2,"",0.24994349541037,0,NA,NA,0.24994349541037,0.24994349541037,0.24994349541037,1,0.24994349541037
"cohort","~~","bchsgrade",2,2,"",-0.00123140423775442,0,NA,NA,-0.00123140423775442,-0.00123140423775442,-0.00123140423775442,-0.00252170970300325,-0.00123140423775442
"cohort","~~","bcsmath",2,2,"",0.00554081637952519,0,NA,NA,0.00554081637952519,0.00554081637952519,0.00554081637952519,0.0113727596367078,0.00554081637952519
"cohort","~~","bparented",2,2,"",-0.00185283089170237,0,NA,NA,-0.00185283089170237,-0.00185283089170237,-0.00185283089170237,-0.00377427746869469,-0.00185283089170237
"cohort","~~","bchwork",2,2,"",0.0180847920114953,0,NA,NA,0.0180847920114953,0.0180847920114953,0.0180847920114953,0.0348333954243475,0.0180847920114953
"cohort","~~","bcnonacad",2,2,"",0.0192610631105124,0,NA,NA,0.0192610631105124,0.0192610631105124,0.0192610631105124,0.0382814688979559,0.0192610631105124
"cohort","~~","bcscourses",2,2,"",0.0245346644783002,0,NA,NA,0.0245346644783002,0.0245346644783002,0.0245346644783002,0.0459062993530215,0.0245346644783002
"cohort","~~","bchstudy",2,2,"",-0.0126512257639586,0,NA,NA,-0.0126512257639586,-0.0126512257639586,-0.0126512257639586,-0.0245994705928962,-0.0126512257639586
"cohort","~~","bdegexp",2,2,"",-0.0143907406534806,0,NA,NA,-0.0143907406534806,-0.0143907406534806,-0.0143907406534806,-0.0275976886081676,-0.0143907406534806
"bchsgrade","~~","bchsgrade",2,2,"",0.954045900199175,0,NA,NA,0.954045900199175,0.954045900199175,0.954045900199175,1,0.954045900199175
"bchsgrade","~~","bcsmath",2,2,"",0.035034823836754,0,NA,NA,0.035034823836754,0.035034823836754,0.035034823836754,0.0368068223642131,0.035034823836754
"bchsgrade","~~","bparented",2,2,"",-0.0151146527891367,0,NA,NA,-0.0151146527891367,-0.0151146527891367,-0.0151146527891367,-0.0157591395512193,-0.0151146527891367
"bchsgrade","~~","bchwork",2,2,"",-0.0185159843984013,0,NA,NA,-0.0185159843984013,-0.0185159843984013,-0.0185159843984013,-0.018254308351385,-0.0185159843984013
"bchsgrade","~~","bcnonacad",2,2,"",0.0218861570713475,0,NA,NA,0.0218861570713475,0.0218861570713475,0.0218861570713475,0.0222645609772369,0.0218861570713475
"bchsgrade","~~","bcscourses",2,2,"",0.264176354520836,0,NA,NA,0.264176354520836,0.264176354520836,0.264176354520836,0.253001087980488,0.264176354520836
"bchsgrade","~~","bchstudy",2,2,"",0.24905146801634,0,NA,NA,0.24905146801634,0.24905146801634,0.24905146801634,0.247866905905027,0.24905146801634
"bchsgrade","~~","bdegexp",2,2,"",0.177165694437662,0,NA,NA,0.177165694437662,0.177165694437662,0.177165694437662,0.173902361362385,0.177165694437662
"bcsmath","~~","bcsmath",2,2,"",0.949672705601012,0,NA,NA,0.949672705601012,0.949672705601012,0.949672705601012,1,0.949672705601012
"bcsmath","~~","bparented",2,2,"",-0.0516226328769337,0,NA,NA,-0.0516226328769337,-0.0516226328769337,-0.0516226328769337,-0.0539476006246955,-0.0516226328769337
"bcsmath","~~","bchwork",2,2,"",-0.0284749575552156,0,NA,NA,-0.0284749575552156,-0.0284749575552156,-0.0284749575552156,-0.0281370989758378,-0.0284749575552156
"bcsmath","~~","bcnonacad",2,2,"",0.0228199628595868,0,NA,NA,0.0228199628595868,0.0228199628595868,0.0228199628595868,0.023267901368067,0.0228199628595868
"bcsmath","~~","bcscourses",2,2,"",0.161884423075381,0,NA,NA,0.161884423075381,0.161884423075381,0.161884423075381,0.155392897400488,0.161884423075381
"bcsmath","~~","bchstudy",2,2,"",0.106039227705185,0,NA,NA,0.106039227705185,0.106039227705185,0.106039227705185,0.105777586186495,0.106039227705185
"bcsmath","~~","bdegexp",2,2,"",-0.0131903059557435,0,NA,NA,-0.0131903059557435,-0.0131903059557435,-0.0131903059557435,-0.0129771216062625,-0.0131903059557435
"bparented","~~","bparented",2,2,"",0.964188790077695,0,NA,NA,0.964188790077695,0.964188790077695,0.964188790077695,1,0.964188790077695
"bparented","~~","bchwork",2,2,"",-0.00316521001384929,0,NA,NA,-0.00316521001384929,-0.00316521001384929,-0.00316521001384929,-0.00310402137353234,-0.00316521001384929
"bparented","~~","bcnonacad",2,2,"",0.0109389050260803,0,NA,NA,0.0109389050260803,0.0109389050260803,0.0109389050260803,0.0110693487816507,0.0109389050260803
"bparented","~~","bcscourses",2,2,"",0.000407706220905706,0,NA,NA,0.000407706220905706,0.000407706220905706,0.000407706220905706,0.000388400141828261,0.000407706220905706
"bparented","~~","bchstudy",2,2,"",0.0287356873251703,0,NA,NA,0.0287356873251703,0.0287356873251703,0.0287356873251703,0.0284481890136105,0.0287356873251703
"bparented","~~","bdegexp",2,2,"",0.178806648588641,0,NA,NA,0.178806648588641,0.178806648588641,0.178806648588641,0.174587484384961,0.178806648588641
"bchwork","~~","bchwork",2,2,"",1.07843401629494,0,NA,NA,1.07843401629494,1.07843401629494,1.07843401629494,1,1.07843401629494
"bchwork","~~","bcnonacad",2,2,"",0.0485074646173749,0,NA,NA,0.0485074646173749,0.0485074646173749,0.0485074646173749,0.0464131501208394,0.0485074646173749
"bchwork","~~","bcscourses",2,2,"",-0.0175661471856805,0,NA,NA,-0.0175661471856805,-0.0175661471856805,-0.0175661471856805,-0.0158231450416595,-0.0175661471856805
"bchwork","~~","bchstudy",2,2,"",0.00855489523129072,0,NA,NA,0.00855489523129072,0.00855489523129072,0.00855489523129072,0.0080081459674958,0.00855489523129072
"bchwork","~~","bdegexp",2,2,"",-0.0117301298352196,0,NA,NA,-0.0117301298352196,-0.0117301298352196,-0.0117301298352196,-0.0108297021713401,-0.0117301298352196
"bcnonacad","~~","bcnonacad",2,2,"",1.01284148653014,0,NA,NA,1.01284148653014,1.01284148653014,1.01284148653014,1,1.01284148653014
"bcnonacad","~~","bcscourses",2,2,"",0.0498148653139909,0,NA,NA,0.0498148653139909,0.0498148653139909,0.0498148653139909,0.0463021652010813,0.0498148653139909
"bcnonacad","~~","bchstudy",2,2,"",-0.00555906768706763,0,NA,NA,-0.00555906768706763,-0.00555906768706763,-0.00555906768706763,-0.00536964155035586,-0.00555906768706763
"bcnonacad","~~","bdegexp",2,2,"",-0.0467852808978931,0,NA,NA,-0.0467852808978931,-0.0467852808978931,-0.0467852808978931,-0.0445706516142406,-0.0467852808978931
"bcscourses","~~","bcscourses",2,2,"",1.14280949119842,0,NA,NA,1.14280949119842,1.14280949119842,1.14280949119842,1,1.14280949119842
"bcscourses","~~","bchstudy",2,2,"",0.125266173004962,0,NA,NA,0.125266173004962,0.125266173004962,0.125266173004962,0.113909767281316,0.125266173004962
"bcscourses","~~","bdegexp",2,2,"",0.0506196115208953,0,NA,NA,0.0506196115208953,0.0506196115208953,0.0506196115208953,0.0453985907323171,0.0506196115208953
"bchstudy","~~","bchstudy",2,2,"",1.05820997568006,0,NA,NA,1.05820997568006,1.05820997568006,1.05820997568006,1,1.05820997568006
"bchstudy","~~","bdegexp",2,2,"",0.0257203318085778,0,NA,NA,0.0257203318085778,0.0257203318085778,0.0257203318085778,0.0239718264263497,0.0257203318085778
"bdegexp","~~","bdegexp",2,2,"",1.08787509334055,0,NA,NA,1.08787509334055,1.08787509334055,1.08787509334055,1,1.08787509334055
"SB1","~*~","SB1",2,2,"",0.546822491228236,0,NA,NA,0.546822491228236,0.546822491228236,0.546822491228236,1,1
"SB2","~*~","SB2",2,2,"",0.555647580312718,0,NA,NA,0.555647580312718,0.555647580312718,0.555647580312718,1,1
"SB3","~*~","SB3",2,2,"",0.559100620729787,0,NA,NA,0.559100620729787,0.559100620729787,0.559100620729787,1,1
"PG1","~*~","PG1",2,2,"",0.611526586507546,0,NA,NA,0.611526586507546,0.611526586507546,0.611526586507546,1,1
"PG2","~*~","PG2",2,2,"",0.586475049775448,0,NA,NA,0.586475049775448,0.586475049775448,0.586475049775448,1,1
"PG3","~*~","PG3",2,2,"",0.53846749365044,0,NA,NA,0.53846749365044,0.53846749365044,0.53846749365044,1,1
"PG4","~*~","PG4",2,2,"",0.573615661706708,0,NA,NA,0.573615661706708,0.573615661706708,0.573615661706708,1,1
"PG5","~*~","PG5",2,2,"",0.564264863551817,0,NA,NA,0.564264863551817,0.564264863551817,0.564264863551817,1,1
"SE1","~*~","SE1",2,2,"",0.529202141265868,0,NA,NA,0.529202141265868,0.529202141265868,0.529202141265868,1,1
"SE2","~*~","SE2",2,2,"",0.51905410386769,0,NA,NA,0.51905410386769,0.51905410386769,0.51905410386769,1,1
"SE3","~*~","SE3",2,2,"",0.565480230224933,0,NA,NA,0.565480230224933,0.565480230224933,0.565480230224933,1,1
"MHWdacad","~*~","MHWdacad",2,2,"",0.649963074556189,0,NA,NA,0.649963074556189,0.649963074556189,0.649963074556189,1,1
"MHWdlonely","~*~","MHWdlonely",2,2,"",0.652535763409886,0,NA,NA,0.652535763409886,0.652535763409886,0.652535763409886,1,1
"MHWdmental","~*~","MHWdmental",2,2,"",0.655368284935707,0,NA,NA,0.655368284935707,0.655368284935707,0.655368284935707,1,1
"MHWdpeers","~*~","MHWdpeers",2,2,"",0.670820186880442,0,NA,NA,0.670820186880442,0.670820186880442,0.670820186880442,1,1
"MHWdexhaust","~*~","MHWdexhaust",2,2,"",0.62379443515527,0,NA,NA,0.62379443515527,0.62379443515527,0.62379443515527,1,1
"QIstudent","~*~","QIstudent",2,2,"",0.596598803383954,0,NA,NA,0.596598803383954,0.596598803383954,0.596598803383954,1,1
"QIfaculty","~*~","QIfaculty",2,2,"",0.574715608210757,0,NA,NA,0.574715608210757,0.574715608210757,0.574715608210757,1,1
"QIadvisor","~*~","QIadvisor",2,2,"",0.561234762707054,0,NA,NA,0.561234762707054,0.561234762707054,0.561234762707054,1,1
"QIstaff","~*~","QIstaff",2,2,"",0.551477619787473,0,NA,NA,0.551477619787473,0.551477619787473,0.551477619787473,1,1
"SB1","~1","",2,2,"",-0.090917237771832,0.089602978032295,-1.01466758994398,0.310264308415321,-0.266535847622664,0.0847013720789999,-0.090917237771832,-0.048301801238156,-0.048301801238156
"SB2","~1","",2,2,"",-0.111007303446575,0.0897150713824444,-1.23733171847308,0.215963956949715,-0.286845612226606,0.0648310053334563,-0.111007303446575,-0.0600194133158432,-0.0600194133158432
"SB3","~1","",2,2,"",-0.132885827409229,0.087359452664444,-1.52113850712477,0.12822508297541,-0.304107208340671,0.0383355535222128,-0.132885827409229,-0.0721869495188938,-0.0721869495188938
"PG1","~1","",2,2,"",-0.255017442194681,0.081795617428106,-3.11773968108777,0.00182243695058859,-0.415333906446985,-0.0947009779423761,-0.255017442194681,-0.151280267391054,-0.151280267391054
"PG2","~1","",2,2,"",-0.240774978443067,0.086010986785785,-2.79935142521653,0.00512053751333474,-0.409353414817956,-0.0721965420681783,-0.240774978443067,-0.136795918804861,-0.136795918804861
"PG3","~1","",2,2,"",-0.489754671561416,0.0924540276090904,-5.29727783879976,1.17541778532626e-07,-0.670961235900905,-0.308548107221927,-0.489754671561416,-0.255548498338138,-0.255548498338138
"PG4","~1","",2,2,"",-0.265573641881337,0.0866153544980861,-3.06612659406948,0.00216851479958735,-0.435336617205755,-0.0958106665569191,-0.265573641881337,-0.147728635535435,-0.147728635535435
"PG5","~1","",2,2,"",-0.0297299440335236,0.0864436848822545,-0.343922683004767,0.730904432710894,-0.199156453093672,0.139696565026625,-0.0297299440335236,-0.0162783671031534,-0.0162783671031534
"SE1","~1","",2,2,"",-0.740163730423297,0.0961197387508277,-7.70043427127941,1.35447209004269e-14,-0.928554956578319,-0.551772504268276,-0.740163730423297,-0.380733901864851,-0.380733901864851
"SE2","~1","",2,2,"",-0.521297249979964,0.0956150922127403,-5.45203940001538,4.9795419343468e-08,-0.708699387095411,-0.333895112864517,-0.521297249979964,-0.262511472488218,-0.262511472488218
"SE3","~1","",2,2,"",-0.126384416031518,0.0895426576420358,-1.41144365556765,0.158113838319942,-0.301884800089908,0.0491159680268727,-0.126384416031518,-0.0692370270560753,-0.0692370270560753
"MHWdacad","~1","",2,2,"",0.0193133365637688,0.0651527685559163,0.296431556046516,0.766900529402766,-0.108383743298901,0.147010416426438,0.0193133365637688,0.0123176405919104,0.0123176405919104
"MHWdlonely","~1","",2,2,"",0.114312412160528,0.0652346186201041,1.75232743869065,0.0797175205229148,-0.0135450908800818,0.242169915201138,0.114312412160528,0.0732376526637046,0.0732376526637046
"MHWdmental","~1","",2,2,"",0.487641479625052,0.0676349593777528,7.20990275016639,5.59996493620929e-13,0.355079395148827,0.620203564101277,0.487641479625052,0.313662425613091,0.313662425613091
"MHWdpeers","~1","",2,2,"",0.169252727283167,0.0640432117622185,2.64278949518606,0.00822261389387569,0.0437303387749472,0.294775115791388,0.169252727283167,0.111468224943373,0.111468224943373
"MHWdexhaust","~1","",2,2,"",0.0513178333555768,0.0682452589347472,0.751961882138134,0.45207398209045,-0.082440416272138,0.185076082983292,0.0513178333555768,0.0314203999597782,0.0314203999597782
"QIstudent","~1","",2,2,"",0.0120203630826516,0.0633309504136911,0.18980234789044,0.849464015991144,-0.112106018834875,0.136146745000178,0.0120203630826516,0.00706313622021697,0.00706313622021697
"QIfaculty","~1","",2,2,"",-0.098539916882218,0.0656621983279531,-1.50070998826533,0.13343058850374,-0.227235460750732,0.0301556269862962,-0.098539916882218,-0.0557799595536619,-0.0557799595536619
"QIadvisor","~1","",2,2,"",0.0424093315519575,0.0666576431719585,0.63622608802044,0.524629071672358,-0.0882372483594033,0.173055911463318,0.0424093315519575,0.023426912270738,0.023426912270738
"QIstaff","~1","",2,2,"",0.0296647720420841,0.068181060056835,0.43508816110157,0.663498436414806,-0.103967650097075,0.163297194181243,0.0296647720420841,0.0161133695676445,0.0161133695676445
"X","~1","",2,2,"",0.388358778625954,0,NA,NA,0.388358778625954,0.388358778625954,0.388358778625954,0.796454351414249,0.388358778625954
"XZ_c","~1","",2,2,"",0.236699236641221,0,NA,NA,0.236699236641221,0.236699236641221,0.236699236641221,0.383013489971353,0.236699236641221
"Zplus10_c","~1","",2,2,"",-0.0603137404580149,0,NA,NA,-0.0603137404580149,-0.0603137404580149,-0.0603137404580149,-0.079283349672143,-0.0603137404580149
"cohort","~1","",2,2,"",0.517175572519084,0,NA,NA,0.517175572519084,0.517175572519084,0.517175572519084,1.03446805603053,0.517175572519084
"bchsgrade","~1","",2,2,"",0.0323406080652009,0,NA,NA,0.0323406080652009,0.0323406080652009,0.0323406080652009,0.0331103328337892,0.0323406080652009
"bcsmath","~1","",2,2,"",-0.0191417053963541,0,NA,NA,-0.0191417053963541,-0.0191417053963541,-0.0191417053963541,-0.0196423592470594,-0.0191417053963541
"bparented","~1","",2,2,"",0.0233310189072167,0,NA,NA,0.0233310189072167,0.0233310189072167,0.0233310189072167,0.0237603408606629,0.0233310189072167
"bchwork","~1","",2,2,"",0.0273539974165946,0,NA,NA,0.0273539974165946,0.0273539974165946,0.0273539974165946,0.0263404998776637,0.0273539974165946
"bcnonacad","~1","",2,2,"",-0.0197246378963525,0,NA,NA,-0.0197246378963525,-0.0197246378963525,-0.0197246378963525,-0.0195991979028037,-0.0197246378963525
"bcscourses","~1","",2,2,"",-0.0129945148004001,0,NA,NA,-0.0129945148004001,-0.0129945148004001,-0.0129945148004001,-0.0121555089884542,-0.0129945148004001
"bchstudy","~1","",2,2,"",-0.00670122295271709,0,NA,NA,-0.00670122295271709,-0.00670122295271709,-0.00670122295271709,-0.0065143057997896,-0.00670122295271709
"bdegexp","~1","",2,2,"",-0.0323310110557781,0,NA,NA,-0.0323310110557781,-0.0323310110557781,-0.0323310110557781,-0.0309977212982248,-0.0323310110557781
"Belong","~1","",2,2,"",0,0,NA,NA,0,0,0,0,0
"Gains","~1","",2,2,"",0,0,NA,NA,0,0,0,0,0
"SuppEnv","~1","",2,2,"",0,0,NA,NA,0,0,0,0,0
"DevAdj","~1","",2,2,"",0,0,NA,NA,0,0,0,0,0
"M1","~1","",2,2,"",0,0,NA,NA,0,0,0,0,0
"M2","~1","",2,2,"",0,0,NA,NA,0,0,0,0,0
