"lhs","op","rhs","label","est","se","z","pvalue","ci.lower","ci.upper","std.lv","std.all","std.nox"
"Belong","=~","SB1","",0.753909528897559,0.0378439144768897,19.9215524957903,0,0.679736819488841,0.828082238306276,1.54898606412743,0.840134983879,0.840134983879
"Belong","=~","SB2","",0.709486825307549,0.0367854691146586,19.2871490396415,0,0.637388630688407,0.78158501992669,1.45771496838679,0.824616960647925,0.824616960647925
"Belong","=~","SB3","",0.743084765252774,0.039107607660054,19.0010284370268,0,0.666435262717545,0.819734267788003,1.52674545382799,0.83653182725455,0.83653182725455
"Gains","=~","PG1","",0.658166358935627,0.0313424407229248,20.9992056698451,0,0.596736303931113,0.719596413940141,1.42779091092518,0.819084643035467,0.819084643035467
"Gains","=~","PG2","",0.701354755014748,0.0336987457099621,20.8124884246778,0,0.635306427099048,0.767403082930447,1.52148150835852,0.835662802175987,0.835662802175987
"Gains","=~","PG3","",0.738098285210686,0.0367541887292514,20.0820181516687,0,0.666061399020365,0.810135171401006,1.60119095831264,0.848175466976418,0.848175466976418
"Gains","=~","PG4","",0.689813525592114,0.0331633123339413,20.8005014289878,0,0.624814627809536,0.754812423374692,1.49644458228836,0.831441969785991,0.831441969785991
"Gains","=~","PG5","",0.69324359343817,0.0342688395239175,20.2295614053207,0,0.626077902179309,0.760409284697031,1.50388558808874,0.832711694606789,0.832711694606789
"SuppEnv","=~","SE1","",0.713030958731519,0.0367563743501891,19.3988381971045,0,0.640989788802877,0.785072128660162,1.50342400490004,0.832633310459353,0.832633310459353
"SuppEnv","=~","SE2","",0.769531433919154,0.0415777693558666,18.5082424055194,0,0.688040503424142,0.851022364414166,1.62255511645299,0.851305779045412,0.851305779045412
"SuppEnv","=~","SE3","",0.764006690332025,0.0401991594870353,19.0055389237287,0,0.685217785528655,0.842795595135396,1.61090620832622,0.84961010984392,0.84961010984392
"DevAdj","=~","Belong","",1.49536471679289,0.0715128251518324,20.9104410798764,0,1.35520215506259,1.6355272785232,0.873562700237952,0.873562700237952,0.873562700237952
"DevAdj","=~","Gains","",1.60391463324648,0.0793157064810642,20.2219043920311,0,1.44845870513524,1.75937056135772,0.887416598873807,0.887416598873807,0.887416598873807
"DevAdj","=~","SuppEnv","",1.54656220792524,0.0781392391895647,19.7923888684571,0,1.39341211333434,1.69971230251615,0.880378708268593,0.880378708268593,0.880378708268593
"M1","=~","MHWdacad","",1.34846956115605,0.0451650134715567,29.8565074491846,0,1.25994776139054,1.43699136092157,1.37878502768831,0.809504169514389,0.809504169514389
"M1","=~","MHWdlonely","",1.31840738241305,0.0454506278207,29.0074625066586,0,1.22932578880974,1.40748897601636,1.34804700946044,0.803144756019014,0.803144756019014
"M1","=~","MHWdmental","",1.3168972874691,0.0430625237353487,30.5810522291359,0,1.23249629186442,1.40129828307379,1.34650296548712,0.802817861618633,0.802817861618633
"M1","=~","MHWdpeers","",1.2979416506198,0.0430073213811232,30.1795510377797,0,1.21364884964126,1.38223445159834,1.32712117962337,0.798652152591856,0.798652152591856
"M1","=~","MHWdexhaust","",1.37846324066208,0.0457226355767696,30.1483766907444,0,1.28884852165336,1.4680779596708,1.40945300672132,0.815577319445947,0.815577319445947
"M2","=~","QIstudent","",1.27748419360285,0.0457130083954333,27.9457475769736,0,1.18788834352283,1.36708004368288,1.34752579801863,0.803034489719773,0.803034489719773
"M2","=~","QIfaculty","",1.30235909695327,0.0474029510031032,27.4742198406174,0,1.20945102022627,1.39526717368027,1.37376453674883,0.808484475906131,0.808484475906131
"M2","=~","QIadvisor","",1.37307393510986,0.0517809920176924,26.5169492048493,0,1.27158505567142,1.47456281454829,1.4483565115035,0.82291169370147,0.82291169370147
"M2","=~","QIstaff","",1.33812985734285,0.047606458626917,28.1081579251573,0,1.2448229130026,1.43143680168311,1.41149652801814,0.815972681318955,0.815972681318955
"M1","~","X","a1",0.0532985405841714,0.041701572169789,1.27809427345245,0.201216187861243,-0.0284350389673128,0.135032120135656,0.0521266609286413,0.0258325797237906,0.0521266609286413
"M1","~","XZ_c","a1xz",-0.0178909978083051,0.0387275234886431,-0.461971130520434,0.644102023441688,-0.0937955490564746,0.0580135534398643,-0.017497626880717,-0.0117072455380136,-0.017497626880717
"M1","~","Zplus10_c","a1z",0.173004423626079,0.0301605438747617,5.73611750320089,9.68714664040249e-09,0.113890843877406,0.232118003374752,0.169200560290573,0.137171996731479,0.169200560290573
"M1","~","cohort","g1",0.0448111651635414,0.0393975182563485,1.13741086105901,0.255366569026401,-0.0324065516991609,0.122028882026244,0.0438258981708585,0.0219116143447566,0.0438258981708585
"M1","~","bchsgrade","",-0.113355635732835,0.0220630050794841,-5.1378148771874,2.77951489158212e-07,-0.156598331079348,-0.0701129403863216,-0.110863275493717,-0.110014387030799,-0.110863275493717
"M1","~","bcsmath","",-0.029361622371566,0.0203687767285066,-1.44150150806423,0.14944305159244,-0.0692836911685766,0.0105604464254446,-0.0287160458223121,-0.0289705613594055,-0.0287160458223121
"M1","~","bparented","",-0.0317549011992679,0.0204515364798954,-1.55269024557075,0.120497153807429,-0.0718391761283699,0.0083293737298341,-0.0310567034199118,-0.0307359717151536,-0.0310567034199118
"M1","~","firstgen","",0.117794699645714,0.0416990482444162,2.824877415793,0.00472987077217835,0.0360660668970602,0.199523332394368,0.115204737321585,0.0549341015220229,0.115204737321585
"M1","~","bchwork","",0.032451285074162,0.0196692346964434,1.64984990900688,0.0989736379568664,-0.00609970653433261,0.0710022766826566,0.0317377758418752,0.0316300800842224,0.0317377758418752
"M1","~","bcnonacad","",0.0851236904036196,0.0195880126146042,4.34570326650464,1.38830141926949e-05,0.0467318911502791,0.12351548965696,0.0832520684062009,0.0829993100230608,0.0832520684062009
"M1","~","bcscourses","",0.0892438001555613,0.0197098142375031,4.52788641639005,5.95765887045907e-06,0.0506132741080805,0.127874326203042,0.0872815889460567,0.0911728433542553,0.0872815889460567
"M1","~","bchstudy","",0.0485979823050496,0.0198868457834438,2.4437250046716,0.0145365019871435,0.00962048080339756,0.0875754838067016,0.0475294542339449,0.0485953281701614,0.0475294542339449
"M1","~","bdegexp","",-0.0308668312608924,0.0198768516980153,-1.55290343409739,0.120446206265541,-0.0698247447150463,0.0080910821932614,-0.0301881595526456,-0.031067884825436,-0.0301881595526456
"M2","~","X","a2",0.162745950541983,0.0420232525057236,3.87275950427247,0.000107610000441127,0.080381889117532,0.245110011966433,0.15428675257717,0.0764603902354427,0.15428675257717
"M2","~","XZ_c","a2xz",-0.0607440338162685,0.0418094710300984,-1.45287735815981,0.146257808481034,-0.142689091247932,0.021201023615395,-0.0575866845518363,-0.0385298795296322,-0.0575866845518363
"M2","~","Zplus10_c","a2z",0.011695836161776,0.033472000266417,0.349421488667668,0.726772903167881,-0.0539080788509164,0.0772997511744684,0.0110879107840509,0.00898904152100198,0.0110879107840509
"M2","~","M1","d",-0.253328565065466,0.021851780718438,-11.5930398684494,0,-0.296157268271671,-0.21049986185926,-0.24556022415795,-0.24556022415795,-0.24556022415795
"M2","~","cohort","g2",-0.0581422660399654,0.0400921391684045,-1.4502161083434,0.146998264443423,-0.136721414873206,0.0204368827932749,-0.0551201512843177,-0.0275583969290949,-0.0551201512843177
"M2","~","bchsgrade","",0.049185105320115,0.022268967663639,2.20868367420664,0.0271966507575476,0.00553873072649552,0.0928314799137345,0.0466285652560618,0.0462715268146844,0.0466285652560618
"M2","~","bcsmath","",0.068655417115151,0.0203902424964635,3.36707212418188,0.000759708165333883,0.0286912761860444,0.108619558044258,0.06508685050689,0.0656637271011462,0.06508685050689
"M2","~","bparented","",0.0517026041138173,0.0205808555145182,2.51216982099432,0.0119991331172313,0.0113648685343389,0.0920403396932956,0.0490152096684343,0.0485090151910785,0.0490152096684343
"M2","~","firstgen","",-0.120571663566697,0.0425138538632336,-2.83605584086953,0.00456744593524783,-0.203897285982634,-0.0372460411507603,-0.114304597826132,-0.0545048799849853,-0.114304597826132
"M2","~","bchwork","",-0.0252027602057251,0.0200937976297243,-1.25425569970125,0.209749080311352,-0.0645858798726209,0.0141803594611708,-0.0238927728473304,-0.0238116975291657,-0.0238927728473304
"M2","~","bcnonacad","",-0.072293835488835,0.0203913449526044,-3.54531962736482,0.000392137265602166,-0.112260137192272,-0.0323275337853978,-0.0685361514174402,-0.0683280714603826,-0.0685361514174402
"M2","~","bcscourses","",0.0329344585285749,0.0198324112315761,1.66063814147513,0.0967861438467512,-0.00593635321190184,0.0718052702690517,0.0312225934798329,0.032614582970181,0.0312225934798329
"M2","~","bchstudy","",0.0589712476743585,0.0202186117926031,2.91668133694188,0.00353777009500544,0.0193434967434596,0.0985989986052573,0.0559060441676163,0.0571597677021204,0.0559060441676163
"M2","~","bdegexp","",0.0363442624328279,0.0201040558901165,1.80780747086439,0.0706364706202318,-0.00305896305498075,0.0757474879206365,0.0344551628283184,0.0354592345560207,0.0344551628283184
"DevAdj","~","X","c",0.241791014617149,0.0452070729678193,5.34852178528054,8.86755036066944e-08,0.153186779753749,0.330395249480549,0.201448912316209,0.0998326958790496,0.201448912316209
"DevAdj","~","XZ_c","cxz",-0.184087271579195,0.0363420864881825,-5.06540183484113,4.0753975016905e-07,-0.255316452219072,-0.112858090939317,-0.153372864949537,-0.102618132222925,-0.153372864949537
"DevAdj","~","Zplus10_c","cz",-0.0272922807267418,0.0271605115471257,-1.00485149844794,0.314968361925633,-0.0805259051607925,0.0259413437073088,-0.0227386459159217,-0.0184343684081219,-0.0227386459159217
"DevAdj","~","M1","b1",-0.335850754572322,0.0249413304114741,-13.4656311043382,0,-0.384734863905325,-0.286966645239319,-0.28610569898166,-0.28610569898166,-0.28610569898166
"DevAdj","~","M2","b2",0.379511781133123,0.0247845924152816,15.3124075947734,0,0.330934872627666,0.428088689638579,0.333527451076935,0.333527451076935,0.333527451076935
"DevAdj","~","cohort","g3",0.0117093656508266,0.0425633987837453,0.275104103183094,0.783236259284528,-0.0717133630249301,0.0951320943265834,0.00975569327092981,0.00487754952071902,0.00975569327092981
"DevAdj","~","bchsgrade","",0.0835160788667813,0.0240418114129992,3.47378479233993,0.00051317244906901,0.0363949943741988,0.130637163359364,0.0695816727319966,0.0690488806153136,0.0695816727319966
"DevAdj","~","bcsmath","",0.0396068677904011,0.0217767335682026,1.81876991176644,0.0689465405800151,-0.00307474570420042,0.0822884812850026,0.032998581230414,0.0332910536577513,0.032998581230414
"DevAdj","~","bparented","",0.0442095115412179,0.0225809797909418,1.95782078326611,0.0502510458061634,-4.8395584654741e-05,0.0884674186670906,0.0368332877386322,0.036452899549695,0.0368332877386322
"DevAdj","~","firstgen","",-0.0669272811795905,0.0447177611535589,-1.49665992780285,0.134481768151158,-0.15457248250983,0.0207179201506493,-0.0557606659588143,-0.0265888552496461,-0.0557606659588143
"DevAdj","~","bchwork","",-0.10313766749524,0.0218515306486997,-4.71992873878505,2.35927280045622e-06,-0.145965880573765,-0.0603094544167155,-0.0859294584153393,-0.085637874084577,-0.0859294584153393
"DevAdj","~","bcnonacad","",-0.0366019665901267,0.0214642286342138,-1.7052542261772,0.0881470205576438,-0.078671081669119,0.00546714848886565,-0.0304950387419909,-0.0304024539349852,-0.0304950387419909
"DevAdj","~","bcscourses","",0.0165324326612782,0.0216302663345516,0.764319421942103,0.444676914095418,-0.0258621103304522,0.0589269756530086,0.0137740460820221,0.0143881311162499,0.0137740460820221
"DevAdj","~","bchstudy","",0.0395999577627616,0.0210795709100903,1.87859411046199,0.0602999359481962,-0.00171524203057358,0.0809151575560968,0.0329928241200671,0.0337327061969507,0.0329928241200671
"DevAdj","~","bdegexp","",0.0537374437448059,0.0213006230985725,2.52281088192238,0.0116420993137147,0.0119889896233419,0.09548589786627,0.0447715131605923,0.0460762177935379,0.0447715131605923
"SB1","|","t1","",-1.23749057785337,0.0593456653872801,-20.8522487662361,0,-1.35380594465101,-1.12117521105574,-1.23749057785337,-0.671186882020734,-0.671186882020734
"SB1","|","t2","",0.0101803518526615,0.0520928747510673,0.19542695428712,0.845058716932109,-0.0919198065105863,0.112280510215909,0.0101803518526615,0.00552159243888116,0.00552159243888116
"SB1","|","t3","",1.26162375976063,0.0598703005166192,21.0726144494701,0,1.14428012700446,1.37896739251679,1.26162375976063,0.684276173694911,0.684276173694911
"SB2","|","t1","",-1.1871921343764,0.0563793146207174,-21.05722892098,0,-1.29769356050606,-1.07669070824674,-1.1871921343764,-0.671584494078425,-0.671584494078425
"SB2","|","t2","",0.00773155925560663,0.0494124575475396,0.156469838565874,0.875662691731533,-0.0891150779251852,0.104578196436398,0.00773155925560663,0.0043736773187445,0.0043736773187445
"SB2","|","t3","",1.20492758920438,0.057292190349927,21.0312711356464,0,1.09263695952311,1.31721821888565,1.20492758920438,0.681617290045484,0.681617290045484
"SB3","|","t1","",-1.22208595283818,0.0586244360304262,-20.846016364301,0,-1.33698773607179,-1.10718416960458,-1.22208595283818,-0.669603300685525,-0.669603300685525
"SB3","|","t2","",0.0159750760611644,0.0509312423138573,0.313659658304033,0.753779543539694,-0.0838483245618784,0.115798476684207,0.0159750760611644,0.00875303707927848,0.00875303707927848
"SB3","|","t3","",1.25699219984036,0.0593719952767688,21.1714663450463,0,1.14062522740761,1.37335917227311,1.25699219984036,0.688729073429184,0.688729073429184
"PG1","|","t1","",-1.17080545615193,0.0541887185950494,-21.6060738564668,0,-1.27701339296661,-1.06459751933726,-1.17080545615193,-0.671659107631366,-0.671659107631366
"PG1","|","t2","",-0.000349632546528462,0.048713575094971,-0.00717731239899403,0.994273382415477,-0.095826485290859,0.095127220197802,-0.000349632546528462,-0.000200574641129547,-0.000200574641129547
"PG1","|","t3","",1.17108807844724,0.0540745309965411,21.6569253004182,0,1.06510394521312,1.27707221168135,1.17108807844724,0.67182124032187,0.67182124032187
"PG2","|","t1","",-1.24915862112919,0.0573016303793007,-21.7997047005564,0,-1.36146775292804,-1.13684948933033,-1.24915862112919,-0.686091410221155,-0.686091410221155
"PG2","|","t2","",-0.0191479534089808,0.0508553935566632,-0.376517652697862,0.706532094434842,-0.118822693199651,0.0805267863816893,-0.0191479534089808,-0.0105168760275945,-0.0105168760275945
"PG2","|","t3","",1.20702332319909,0.0562484209558495,21.4587948014844,0,1.09677844393838,1.31726820245981,1.20702332319909,0.662948900144401,0.662948900144401
"PG3","|","t1","",-1.31945403374427,0.0591750623374365,-22.2974675754508,0,-1.43543502470856,-1.20347304277998,-1.31945403374427,-0.698935086670935,-0.698935086670935
"PG3","|","t2","",-0.0427178540472482,0.0527917892154462,-0.809176098823138,0.418413860876139,-0.146187859588953,0.0607521514944564,-0.0427178540472482,-0.0226283040237357,-0.0226283040237357
"PG3","|","t3","",1.2356422082953,0.0587405690229744,21.0355845857063,0,1.12051280857888,1.35077160801172,1.2356422082953,0.654538674226014,0.654538674226014
"PG4","|","t1","",-1.24196989061452,0.0556538216241688,-22.3159857556875,0,-1.35104937659991,-1.13289040462914,-1.24196989061452,-0.690052878996922,-0.690052878996922
"PG4","|","t2","",-0.031142067330387,0.0503941169584664,-0.617970295144839,0.536594919745869,-0.12991272160168,0.0676285869409063,-0.031142067330387,-0.0173028938798319,-0.0173028938798319
"PG4","|","t3","",1.18069200764951,0.0553913535096466,21.3154568870371,0,1.07212694971567,1.28925706558334,1.18069200764951,0.656006176352688,0.656006176352688
"PG5","|","t1","",-1.23291929489766,0.0563049766641827,-21.8971637667325,0,-1.34327502130983,-1.12256356848549,-1.23291929489766,-0.682675812242078,-0.682675812242078
"PG5","|","t2","",-0.0129386570334165,0.0500333391633821,-0.258600710041874,0.795943335343945,-0.111002199819923,0.0851248857530897,-0.0129386570334165,-0.00716422253764995,-0.00716422253764995
"PG5","|","t3","",1.20791091828021,0.0558649281104861,21.6219900237101,0,1.09841767118474,1.31740416537568,1.20791091828021,0.668828503751713,0.668828503751713
"SE1","|","t1","",-1.2284662716401,0.0577854509767971,-21.259092918274,0,-1.34172367438503,-1.11520886889517,-1.2284662716401,-0.680354933278694,-0.680354933278694
"SE1","|","t2","",-0.0083390624924899,0.0506165951182719,-0.164749574186186,0.869141095519932,-0.107545765944349,0.090867640959369,-0.0083390624924899,-0.00461837857225842,-0.00461837857225842
"SE1","|","t3","",1.21138892511851,0.058127830520861,20.8400849345953,0,1.09746047079817,1.32531737943884,1.21138892511851,0.670897077396527,0.670897077396527
"SE2","|","t1","",-1.29167419940478,0.0612766480404772,-21.0793873475512,0,-1.41177422265745,-1.17157417615211,-1.29167419940478,-0.677702531918277,-0.677702531918277
"SE2","|","t2","",-0.0110150825436979,0.0531241469609132,-0.207346059632778,0.835739605265691,-0.115136497296501,0.0931063322091048,-0.0110150825436979,-0.00577928190606644,-0.00577928190606644
"SE2","|","t3","",1.26956957449381,0.0609606406479635,20.8260536798709,0,1.15008891434931,1.3890502346383,1.26956957449381,0.666104901280324,0.666104901280324
"SE3","|","t1","",-1.31019934388336,0.0617797941464641,-21.2075705655025,0,-1.43128551538273,-1.18911317238399,-1.31019934388336,-0.691013916713859,-0.691013916713859
"SE3","|","t2","",-0.0340365662683718,0.0529089436126078,-0.643304589817234,0.520026478653671,-0.137736190209144,0.0696630576723999,-0.0340365662683718,-0.0179512690785565,-0.0179512690785565
"SE3","|","t3","",1.24350834777684,0.0608163049004708,20.4469566148734,0,1.12431058049911,1.36270611505457,1.24350834777684,0.655840332904449,0.655840332904449
"MHWdacad","|","t1","",-1.59298676025355,0.0536195419205901,-29.7090706707779,0,-1.69807913128544,-1.48789438922166,-1.59298676025355,-0.935265032989594,-0.935265032989594
"MHWdacad","|","t2","",-0.677606875956857,0.0442245029319478,-15.3219783385593,0,-0.76428530893766,-0.590928442976053,-0.677606875956857,-0.397832570243644,-0.397832570243644
"MHWdacad","|","t3","",0.0575257372877536,0.0423677408878115,1.3577721181802,0.174536004722107,-0.0255135089586819,0.140564983534189,0.0575257372877536,0.0337741730970936,0.0337741730970936
"MHWdacad","|","t4","",0.79220986657983,0.0454744793223357,17.4209771807265,0,0.703081524892341,0.88133820826732,0.79220986657983,0.465117605173026,0.465117605173026
"MHWdacad","|","t5","",1.70697883551427,0.054653345441272,31.2328334474695,0,1.59986024681475,1.81409742421379,1.70697883551427,1.00219139087866,1.00219139087866
"MHWdlonely","|","t1","",-1.5065946911596,0.0521277632904023,-28.9019631010524,0,-1.60876322980342,-1.40442615251578,-1.5065946911596,-0.897604918195865,-0.897604918195865
"MHWdlonely","|","t2","",-0.603355555270746,0.0429685877900866,-14.041782294971,0,-0.687572439805863,-0.519138670735629,-0.603355555270746,-0.359469548784205,-0.359469548784205
"MHWdlonely","|","t3","",0.119801852141646,0.0415784772636439,2.88134294534159,0.00395984525268633,0.0383095341728867,0.201294170110406,0.119801852141646,0.071376019258735,0.071376019258735
"MHWdlonely","|","t4","",0.843616094529894,0.0453155216794529,18.6164930528077,0,0.754799304097522,0.932432884962266,0.843616094529894,0.502612919030261,0.502612919030261
"MHWdlonely","|","t5","",1.74866205967508,0.0558938891930115,31.2853888845817,0,1.63911204990091,1.85821206944926,1.74866205967508,1.04182476829171,1.04182476829171
"MHWdmental","|","t1","",-1.50236692704397,0.0512571531091797,-29.3103856908297,0,-1.60282910108802,-1.40190475299992,-1.50236692704397,-0.895747751509524,-0.895747751509524
"MHWdmental","|","t2","",-0.601889934455707,0.0430742667962253,-13.9733065522186,0,-0.686313946036778,-0.517465922874636,-0.601889934455707,-0.358861437735268,-0.358861437735268
"MHWdmental","|","t3","",0.121104347764138,0.0419115101884655,2.88952479210513,0.00385824582063155,0.038959297257062,0.203249398271214,0.121104347764138,0.0722053615897918,0.0722053615897918
"MHWdmental","|","t4","",0.84393973114841,0.0450032417973363,18.7528652924368,0,0.755734998038084,0.932144464258737,0.84393973114841,0.503177421559159,0.503177421559159
"MHWdmental","|","t5","",1.74545519624293,0.0549970464944673,31.7372533162944,0,1.6376629658577,1.85324742662816,1.74545519624293,1.04068289793327,1.04068289793327
"MHWdpeers","|","t1","",-1.49830050686298,0.0507774903427916,-29.5071791998417,0,-1.59782255916019,-1.39877845456578,-1.49830050686298,-0.901666662704594,-0.901666662704594
"MHWdpeers","|","t2","",-0.609267543409984,0.0428631742033343,-14.2142422891907,0,-0.693277821111585,-0.525257265708382,-0.609267543409984,-0.366652904436976,-0.366652904436976
"MHWdpeers","|","t3","",0.106309654639811,0.0415714688691827,2.55727443681018,0.0105495951596626,0.024831072871785,0.187788236407837,0.106309654639811,0.0639763993092758,0.0639763993092758
"MHWdpeers","|","t4","",0.823209670299401,0.0445093176115255,18.4952211014404,0,0.735973010804357,0.910446329794446,0.823209670299401,0.495401765350193,0.495401765350193
"MHWdpeers","|","t5","",1.71713780381578,0.0544160760827064,31.5557079346538,0,1.61048425451369,1.82379135311788,1.71713780381578,1.03336140238793,1.03336140238793
"MHWdexhaust","|","t1","",-1.56061100072826,0.0528958761957243,-29.5034530660523,0,-1.66428501300257,-1.45693698845396,-1.56061100072826,-0.903044607093788,-0.903044607093788
"MHWdexhaust","|","t2","",-0.634335829529507,0.0439661489726191,-14.427823322087,0,-0.720507898054763,-0.54816376100425,-0.634335829529507,-0.367057229300364,-0.367057229300364
"MHWdexhaust","|","t3","",0.111423159140527,0.0426907367538774,2.61000787554708,0.00905401382279325,0.0277508526294471,0.195095465651607,0.111423159140527,0.0644748005238021,0.0644748005238021
"MHWdexhaust","|","t4","",0.855864986427632,0.0460046119801217,18.6038953398291,0,0.765697603823854,0.94603236903141,0.855864986427632,0.495244657402262,0.495244657402262
"MHWdexhaust","|","t5","",1.78157815087758,0.056460325745416,31.5545142072127,0,1.67091794586117,1.892238355894,1.78157815087758,1.03090683105229,1.03090683105229
"QIstudent","|","t1","",-1.82901631795448,0.0571965686249483,-31.9777280687551,0,-1.94111953249866,-1.71691310341031,-1.82901631795448,-1.08997036475098,-1.08997036475098
"QIstudent","|","t2","",-0.991191993491929,0.0452273363169261,-21.9157720575505,0,-1.07983594378978,-0.902548043194073,-0.991191993491929,-0.590683575689963,-0.590683575689963
"QIstudent","|","t3","",-0.343036879603665,0.0404088309641377,-8.4891562418152,0,-0.422236732950741,-0.263837026256588,-0.343036879603665,-0.204426843606732,-0.204426843606732
"QIstudent","|","t4","",0.261240589221155,0.0400851450204899,6.51714217542731,7.16595671690357e-11,0.182675148665929,0.33980602977638,0.261240589221155,0.155681771412292,0.155681771412292
"QIstudent","|","t5","",0.912184846446266,0.0442004706195019,20.6374464719793,0,0.825553515932322,0.998816176960211,0.912184846446266,0.543600644806326,0.543600644806326
"QIstudent","|","t6","",1.75535076220253,0.0552108918275256,31.7935592796816,0,1.64713940266624,1.86356212173881,1.75535076220253,1.04607066200675,1.04607066200675
"QIfaculty","|","t1","",-1.90882400600949,0.059221650711311,-32.2318608664672,0,-2.02489630850867,-1.79275170351031,-1.90882400600949,-1.1233763391126,-1.1233763391126
"QIfaculty","|","t2","",-1.06033308872339,0.0461219840259509,-22.9897544764507,0,-1.15073051630979,-0.969935661136999,-1.06033308872339,-0.62402458251781,-0.62402458251781
"QIfaculty","|","t3","",-0.404740415741111,0.0411447831349754,-9.83698016862455,0,-0.485382708837374,-0.324098122644848,-0.404740415741111,-0.238196819138234,-0.238196819138234
"QIfaculty","|","t4","",0.208380102214488,0.0405659964136642,5.13681705459839,2.79430735661279e-07,0.128872210246725,0.28788799418225,0.208380102214488,0.122635337586202,0.122635337586202
"QIfaculty","|","t5","",0.869473202375614,0.0444750317042809,19.5496926940228,0,0.782303742023947,0.956642662727282,0.869473202375614,0.511700198638623,0.511700198638623
"QIfaculty","|","t6","",1.72515831110664,0.0566087652522955,30.4751093477822,0,1.61420717000286,1.83610945221042,1.72515831110664,1.01528586282408,1.01528586282408
"QIadvisor","|","t1","",-1.90166629432851,0.0623742016877833,-30.4880261850465,0,-2.023917483201,-1.77941510545602,-1.90166629432851,-1.08046839206487,-1.08046839206487
"QIadvisor","|","t2","",-1.02251265094214,0.048389383669439,-21.1309294188825,0,-1.11735410016833,-0.927671201715948,-1.02251265094214,-0.580960288944676,-0.580960288944676
"QIadvisor","|","t3","",-0.34389055372574,0.0424934109679182,-8.09279711589573,6.66133814775094e-16,-0.427176108803119,-0.260604998648361,-0.34389055372574,-0.195388052435114,-0.195388052435114
"QIadvisor","|","t4","",0.289256990598131,0.0420577875968655,6.87760833667076,6.08646466560003e-12,0.206825241638839,0.371688739557422,0.289256990598131,0.164346939553579,0.164346939553579
"QIadvisor","|","t5","",0.971034952270474,0.0473144094824931,20.523028035038,0,0.878300413735007,1.06376949080594,0.971034952270474,0.551712241336715,0.551712241336715
"QIadvisor","|","t6","",1.85694053981031,0.0616518524526671,30.1197849851465,0,1.73610512942291,1.97777595019772,1.85694053981031,1.0550565917862,1.0550565917862
"QIstaff","|","t1","",-1.90016570476133,0.0598099965461495,-31.7700353534573,0,-2.01739114390725,-1.78294026561541,-1.90016570476133,-1.0984676719265,-1.0984676719265
"QIstaff","|","t2","",-1.03472015705108,0.0465330422283465,-22.2362456332322,0,-1.12592324390972,-0.943517070192441,-1.03472015705108,-0.598161854602089,-0.598161854602089
"QIstaff","|","t3","",-0.366165585714186,0.0417935716033542,-8.76128963538495,0,-0.448079480842056,-0.284251690586316,-0.366165585714186,-0.211676832957884,-0.211676832957884
"QIstaff","|","t4","",0.2565407941015,0.041340344077687,6.20557955733042,5.44956968440147e-10,0.17551520860074,0.33756637960226,0.2565407941015,0.148303786424903,0.148303786424903
"QIstaff","|","t5","",0.925892202392031,0.0456942014340866,20.2627942568954,0,0.836333213278903,1.01545119150516,0.925892202392031,0.535249451912522,0.535249451912522
"QIstaff","|","t6","",1.79225350511644,0.058980480198068,30.387231489091,0,1.67665388813735,1.90785312209553,1.79225350511644,1.03608465847701,1.03608465847701
"SB1","~~","SB1","",1,0,NA,NA,1,1,1,0.294173208862631,0.294173208862631
"SB2","~~","SB2","",1,0,NA,NA,1,1,1,0.320006868211778,0.320006868211778
"SB3","~~","SB3","",1,0,NA,NA,1,1,1,0.300214501990164,0.300214501990164
"PG1","~~","PG1","",1,0,NA,NA,1,1,1,0.329100347543461,0.329100347543461
"PG2","~~","PG2","",1,0,NA,NA,1,1,1,0.301667681059377,0.301667681059377
"PG3","~~","PG3","",1,0,NA,NA,1,1,1,0.280598377219335,0.280598377219335
"PG4","~~","PG4","",1,0,NA,NA,1,1,1,0.308704250878391,0.308704250878391
"PG5","~~","PG5","",1,0,NA,NA,1,1,1,0.30659123366509,0.30659123366509
"SE1","~~","SE1","",1,0,NA,NA,1,1,1,0.306721770313498,0.306721770313498
"SE2","~~","SE2","",1,0,NA,NA,1,1,1,0.275278470563884,0.275278470563884
"SE3","~~","SE3","",1,0,NA,NA,1,1,1,0.278162661251002,0.278162661251002
"MHWdacad","~~","MHWdacad","",1,0,NA,NA,1,1,1,0.34470299953882,0.34470299953882
"MHWdlonely","~~","MHWdlonely","",1,0,NA,NA,1,1,1,0.354958500879158,0.354958500879158
"MHWdmental","~~","MHWdmental","",1,0,NA,NA,1,1,1,0.355483481066086,0.355483481066086
"MHWdpeers","~~","MHWdpeers","",1,0,NA,NA,1,1,1,0.362154739160395,0.362154739160395
"MHWdexhaust","~~","MHWdexhaust","",1,0,NA,NA,1,1,1,0.334833636005364,0.334833636005364
"QIstudent","~~","QIstudent","",1,0,NA,NA,1,1,1,0.355135608320504,0.355135608320504
"QIfaculty","~~","QIfaculty","",1,0,NA,NA,1,1,1,0.346352852218789,0.346352852218789
"QIadvisor","~~","QIadvisor","",1,0,NA,NA,1,1,1,0.322816344369378,0.322816344369378
"QIstaff","~~","QIstaff","",1,0,NA,NA,1,1,1,0.334188583341155,0.334188583341155
"Belong","~~","Belong","",1,0,NA,NA,1,1,0.236888208752978,0.236888208752978,0.236888208752978
"Gains","~~","Gains","",1,0,NA,NA,1,1,0.212491780043245,0.212491780043245,0.212491780043245
"SuppEnv","~~","SuppEnv","",1,0,NA,NA,1,1,0.224933330027323,0.224933330027323,0.224933330027323
"DevAdj","~~","DevAdj","",1,0,NA,NA,1,1,0.694143942875293,0.694143942875293,0.694143942875293
"M1","~~","M1","",1,0,NA,NA,1,1,0.956509257747651,0.956509257747651,0.956509257747651
"M2","~~","M2","",1,0,NA,NA,1,1,0.898745841248797,0.898745841248797,0.898745841248797
"X","~~","X","",0.245592864288111,0,NA,NA,0.245592864288111,0.245592864288111,0.245592864288111,1,0.245592864288111
"X","~~","XZ_c","",0.156167114104706,0,NA,NA,0.156167114104706,0.156167114104706,0.156167114104706,0.470983981949218,0.156167114104706
"X","~~","Zplus10_c","",0.275427009003003,0,NA,NA,0.275427009003003,0.275427009003003,0.275427009003003,0.685543457024629,0.275427009003003
"X","~~","cohort","",0.00778792930976997,0,NA,NA,0.00778792930976997,0.00778792930976997,0.00778792930976997,0.0314318959768098,0.00778792930976997
"X","~~","bchsgrade","",0.110911523149135,0,NA,NA,0.110911523149135,0.110911523149135,0.110911523149135,0.225531402111741,0.110911523149135
"X","~~","bcsmath","",0.0884540634460773,0,NA,NA,0.0884540634460773,0.0884540634460773,0.0884540634460773,0.176920290392594,0.0884540634460773
"X","~~","bparented","",0.0471699676702398,0,NA,NA,0.0471699676702398,0.0471699676702398,0.0471699676702398,0.0961758677313298,0.0471699676702398
"X","~~","firstgen","",-0.0155998666222085,0,NA,NA,-0.0155998666222085,-0.0155998666222085,-0.0155998666222085,-0.0660148020456251,-0.0155998666222085
"X","~~","bchwork","",-0.0132007427041879,0,NA,NA,-0.0132007427041879,-0.0132007427041879,-0.0132007427041879,-0.0267280140647208,-0.0132007427041879
"X","~~","bcnonacad","",-0.0258816827019016,0,NA,NA,-0.0258816827019016,-0.0258816827019016,-0.0258816827019016,-0.0523847875404409,-0.0258816827019016
"X","~~","bcscourses","",0.0673193220137767,0,NA,NA,0.0673193220137767,0.0673193220137767,0.0673193220137767,0.130043606764298,0.0673193220137767
"X","~~","bchstudy","",0.0479360068663357,0,NA,NA,0.0479360068663357,0.0479360068663357,0.0479360068663357,0.0946067862460748,0.0479360068663357
"X","~~","bdegexp","",0.0445573930634972,0,NA,NA,0.0445573930634972,0.0445573930634972,0.0445573930634972,0.0873648733345611,0.0445573930634972
"XZ_c","~~","XZ_c","",0.447662948837236,0,NA,NA,0.447662948837236,0.447662948837236,0.447662948837236,1,0.447662948837236
"XZ_c","~~","Zplus10_c","",0.523497699446472,0,NA,NA,0.523497699446472,0.523497699446472,0.523497699446472,0.965107161485216,0.523497699446472
"XZ_c","~~","cohort","",0.00276676438812939,0,NA,NA,0.00276676438812939,0.00276676438812939,0.00276676438812939,0.00827090535802966,0.00276676438812939
"XZ_c","~~","bchsgrade","",0.134628007341726,0,NA,NA,0.134628007341726,0.134628007341726,0.134628007341726,0.202767368362873,0.134628007341726
"XZ_c","~~","bcsmath","",0.0935309273118555,0,NA,NA,0.0935309273118555,0.0935309273118555,0.0935309273118555,0.138563036405133,0.0935309273118555
"XZ_c","~~","bparented","",0.0456409134311711,0,NA,NA,0.0456409134311711,0.0456409134311711,0.0456409134311711,0.0689266480296226,0.0456409134311711
"XZ_c","~~","firstgen","",-0.0135013303101034,0,NA,NA,-0.0135013303101034,-0.0135013303101034,-0.0135013303101034,-0.0423184058286331,-0.0135013303101034
"XZ_c","~~","bchwork","",-0.0279074303371179,0,NA,NA,-0.0279074303371179,-0.0279074303371179,-0.0279074303371179,-0.0418524099565087,-0.0279074303371179
"XZ_c","~~","bcnonacad","",-0.0413103131184955,0,NA,NA,-0.0413103131184955,-0.0413103131184955,-0.0413103131184955,-0.0619303396049277,-0.0413103131184955
"XZ_c","~~","bcscourses","",0.0662661727763704,0,NA,NA,0.0662661727763704,0.0662661727763704,0.0662661727763704,0.0948142158747526,0.0662661727763704
"XZ_c","~~","bchstudy","",0.0881253172600443,0,NA,NA,0.0881253172600443,0.0881253172600443,0.0881253172600443,0.128823005155142,0.0881253172600443
"XZ_c","~~","bdegexp","",0.0418198781671989,0,NA,NA,0.0418198781671989,0.0418198781671989,0.0418198781671989,0.0607340353503916,0.0418198781671989
"Zplus10_c","~~","Zplus10_c","",0.657245055018361,0,NA,NA,0.657245055018361,0.657245055018361,0.657245055018361,1,0.657245055018361
"Zplus10_c","~~","cohort","",0.00654858286095373,0,NA,NA,0.00654858286095373,0.00654858286095373,0.00654858286095373,0.0161562332049185,0.00654858286095373
"Zplus10_c","~~","bchsgrade","",0.188486642982946,0,NA,NA,0.188486642982946,0.188486642982946,0.188486642982946,0.234290747739802,0.188486642982946
"Zplus10_c","~~","bcsmath","",0.13648422052127,0,NA,NA,0.13648422052127,0.13648422052127,0.13648422052127,0.166873166611873,0.13648422052127
"Zplus10_c","~~","bparented","",0.0685466497318395,0,NA,NA,0.0685466497318395,0.0685466497318395,0.0685466497318395,0.0854340464294736,0.0685466497318395
"Zplus10_c","~~","firstgen","",-0.0210766255418478,0,NA,NA,-0.0210766255418478,-0.0210766255418478,-0.0210766255418478,-0.0545212404649493,-0.0210766255418478
"Zplus10_c","~~","bchwork","",-0.0343177109942716,0,NA,NA,-0.0343177109942716,-0.0343177109942716,-0.0343177109942716,-0.0424747514185809,-0.0343177109942716
"Zplus10_c","~~","bcnonacad","",-0.053878458238539,0,NA,NA,-0.053878458238539,-0.053878458238539,-0.053878458238539,-0.0666610340769219,-0.053878458238539
"Zplus10_c","~~","bcscourses","",0.0989564355462603,0,NA,NA,0.0989564355462603,0.0989564355462603,0.0989564355462603,0.116852369847573,0.0989564355462603
"Zplus10_c","~~","bchstudy","",0.111403042194337,0,NA,NA,0.111403042194337,0.111403042194337,0.111403042194337,0.134400750928638,0.111403042194337
"Zplus10_c","~~","bdegexp","",0.0634569482388333,0,NA,NA,0.0634569482388333,0.0634569482388333,0.0634569482388333,0.0760572237757086,0.0634569482388333
"cohort","~~","cohort","",0.249969545404017,0,NA,NA,0.249969545404017,0.249969545404017,0.249969545404017,1,0.249969545404017
"cohort","~~","bchsgrade","",0.00232392808371485,0,NA,NA,0.00232392808371485,0.00232392808371485,0.00232392808371485,0.00468400507060271,0.00232392808371485
"cohort","~~","bcsmath","",-0.00541505288454235,0,NA,NA,-0.00541505288454235,-0.00541505288454235,-0.00541505288454235,-0.010735613784747,-0.00541505288454235
"cohort","~~","bparented","",0.000314085890138142,0,NA,NA,0.000314085890138142,0.000314085890138142,0.000314085890138142,0.000634765454635428,0.000314085890138142
"cohort","~~","firstgen","",0.00972946537734776,0,NA,NA,0.00972946537734776,0.00972946537734776,0.00972946537734776,0.0408106713383257,0.00972946537734776
"cohort","~~","bchwork","",0.0080816875159162,0,NA,NA,0.0080816875159162,0.0080816875159162,0.0080816875159162,0.0162193968803702,0.0080816875159162
"cohort","~~","bcnonacad","",0.00804194178992074,0,NA,NA,0.00804194178992074,0.00804194178992074,0.00804194178992074,0.0161338466732337,0.00804194178992074
"cohort","~~","bcscourses","",0.00359494834309611,0,NA,NA,0.00359494834309611,0.00359494834309611,0.00359494834309611,0.00688345137464647,0.00359494834309611
"cohort","~~","bchstudy","",0.000323694593661729,0,NA,NA,0.000323694593661729,0.000323694593661729,0.000323694593661729,0.000633228136521913,0.000323694593661729
"cohort","~~","bdegexp","",-0.00309402388620767,0,NA,NA,-0.00309402388620767,-0.00309402388620767,-0.00309402388620767,-0.00601319187808027,-0.00309402388620767
"bchsgrade","~~","bchsgrade","",0.984744479943327,0,NA,NA,0.984744479943327,0.984744479943327,0.984744479943327,1,0.984744479943327
"bchsgrade","~~","bcsmath","",0.0319195415432528,0,NA,NA,0.0319195415432528,0.0319195415432528,0.0319195415432528,0.031883250739156,0.0319195415432528
"bchsgrade","~~","bparented","",-0.00407153942798747,0,NA,NA,-0.00407153942798747,-0.00407153942798747,-0.00407153942798747,-0.00414577066434224,-0.00407153942798747
"bchsgrade","~~","firstgen","",0.013842797225163,0,NA,NA,0.013842797225163,0.013842797225163,0.013842797225163,0.02925434588859,0.013842797225163
"bchsgrade","~~","bchwork","",-0.0203546474358033,0,NA,NA,-0.0203546474358033,-0.0203546474358033,-0.0203546474358033,-0.020581546462005,-0.0203546474358033
"bchsgrade","~~","bcnonacad","",-0.0155595970674826,0,NA,NA,-0.0155595970674826,-0.0155595970674826,-0.0155595970674826,-0.0157274067578435,-0.0155595970674826
"bchsgrade","~~","bcscourses","",0.272738737766718,0,NA,NA,0.272738737766718,0.272738737766718,0.272738737766718,0.263112931619668,0.272738737766718
"bchsgrade","~~","bchstudy","",0.218818023846602,0,NA,NA,0.218818023846602,0.218818023846602,0.218818023846602,0.215669942337263,0.218818023846602
"bchsgrade","~~","bdegexp","",0.191260847009143,0,NA,NA,0.191260847009143,0.191260847009143,0.191260847009143,0.187279071464772,0.191260847009143
"bcsmath","~~","bcsmath","",1.01780491975977,0,NA,NA,1.01780491975977,1.01780491975977,1.01780491975977,1,1.01780491975977
"bcsmath","~~","bparented","",-0.0281545819859015,0,NA,NA,-0.0281545819859015,-0.0281545819859015,-0.0281545819859015,-0.0281984487541721,-0.0281545819859015
"bcsmath","~~","firstgen","",-0.00625336557184429,0,NA,NA,-0.00625336557184429,-0.00625336557184429,-0.00625336557184429,-0.012998997422498,-0.00625336557184429
"bcsmath","~~","bchwork","",-0.0118860636883814,0,NA,NA,-0.0118860636883814,-0.0118860636883814,-0.0118860636883814,-0.0118217556120276,-0.0118860636883814
"bcsmath","~~","bcnonacad","",-0.00806825258154992,0,NA,NA,-0.00806825258154992,-0.00806825258154992,-0.00806825258154992,-0.00802172488129712,-0.00806825258154992
"bcsmath","~~","bcscourses","",0.134361668823799,0,NA,NA,0.134361668823799,0.134361668823799,0.134361668823799,0.127497086681827,0.134361668823799
"bcsmath","~~","bchstudy","",0.102195332061914,0,NA,NA,0.102195332061914,0.102195332061914,0.102195332061914,0.0990756874411465,0.102195332061914
"bcsmath","~~","bdegexp","",0.00672921911296352,0,NA,NA,0.00672921911296352,0.00672921911296352,0.00672921911296352,0.0064812287095206,0.00672921911296352
"bparented","~~","bparented","",0.979452065137119,0,NA,NA,0.979452065137119,0.979452065137119,0.979452065137119,1,0.979452065137119
"bparented","~~","firstgen","",0.0138635283076126,0,NA,NA,0.0138635283076126,0.0138635283076126,0.0138635283076126,0.0293772062706751,0.0138635283076126
"bparented","~~","bchwork","",-0.0156729671137161,0,NA,NA,-0.0156729671137161,-0.0156729671137161,-0.0156729671137161,-0.0158904364632295,-0.0156729671137161
"bparented","~~","bcnonacad","",-0.00147233677025743,0,NA,NA,-0.00147233677025743,-0.00147233677025743,-0.00147233677025743,-0.00149223119798457,-0.00147233677025743
"bparented","~~","bcscourses","",-0.00083509049502256,0,NA,NA,-0.00083509049502256,-0.00083509049502256,-0.00083509049502256,-0.000807791152685335,-0.00083509049502256
"bparented","~~","bchstudy","",0.0204785170259626,0,NA,NA,0.0204785170259626,0.0204785170259626,0.0204785170259626,0.0202383554177221,0.0204785170259626
"bparented","~~","bdegexp","",0.169441897503408,0,NA,NA,0.169441897503408,0.169441897503408,0.169441897503408,0.166362011698784,0.169441897503408
"firstgen","~~","firstgen","",0.227375347338015,0,NA,NA,0.227375347338015,0.227375347338015,0.227375347338015,1,0.227375347338015
"firstgen","~~","bchwork","",0.00618968052224509,0,NA,NA,0.00618968052224509,0.00618968052224509,0.00618968052224509,0.0130248503723813,0.00618968052224509
"firstgen","~~","bcnonacad","",-0.00164849668103805,0,NA,NA,-0.00164849668103805,-0.00164849668103805,-0.00164849668103805,-0.00346766344015114,-0.00164849668103805
"firstgen","~~","bcscourses","",0.00852734632301202,0,NA,NA,0.00852734632301202,0.00852734632301202,0.00852734632301202,0.0171198264790999,0.00852734632301202
"firstgen","~~","bchstudy","",0.00407120884118965,0,NA,NA,0.00407120884118965,0.00407120884118965,0.00407120884118965,0.00835064461350728,0.00407120884118965
"firstgen","~~","bdegexp","",-0.00418262835774868,0,NA,NA,-0.00418262835774868,-0.00418262835774868,-0.00418262835774868,-0.00852319726469736,-0.00418262835774868
"bchwork","~~","bchwork","",0.99322491681558,0,NA,NA,0.99322491681558,0.99322491681558,0.99322491681558,1,0.99322491681558
"bchwork","~~","bcnonacad","",0.0110913119847177,0,NA,NA,0.0110913119847177,0.0110913119847177,0.0110913119847177,0.0111629677205021,0.0110913119847177
"bchwork","~~","bcscourses","",-0.000550549774447628,0,NA,NA,-0.000550549774447628,-0.000550549774447628,-0.000550549774447628,-0.000528846860883917,-0.000550549774447628
"bchwork","~~","bchstudy","",-0.0277260317138774,0,NA,NA,-0.0277260317138774,-0.0277260317138774,-0.0277260317138774,-0.0272102305017589,-0.0277260317138774
"bchwork","~~","bdegexp","",-0.0262657422542298,0,NA,NA,-0.0262657422542298,-0.0262657422542298,-0.0262657422542298,-0.0256088941702358,-0.0262657422542298
"bcnonacad","~~","bcnonacad","",0.993937095065652,0,NA,NA,0.993937095065652,0.993937095065652,0.993937095065652,1,0.993937095065652
"bcnonacad","~~","bcscourses","",-0.01332985679776,0,NA,NA,-0.01332985679776,-0.01332985679776,-0.01332985679776,-0.012799799858907,-0.01332985679776
"bcnonacad","~~","bchstudy","",-0.010238584316584,0,NA,NA,-0.010238584316584,-0.010238584316584,-0.010238584316584,-0.0100445103266151,-0.010238584316584
"bcnonacad","~~","bdegexp","",-0.027907333199336,0,NA,NA,-0.027907333199336,-0.027907333199336,-0.027907333199336,-0.0271996827273267,-0.027907333199336
"bcscourses","~~","bcscourses","",1.0911531490907,0,NA,NA,1.0911531490907,1.0911531490907,1.0911531490907,1,1.0911531490907
"bcscourses","~~","bchstudy","",0.078031472741997,0,NA,NA,0.078031472741997,0.078031472741997,0.078031472741997,0.0730626225027793,0.078031472741997
"bcscourses","~~","bdegexp","",0.0330433702746841,0,NA,NA,0.0330433702746841,0.0330433702746841,0.0330433702746841,0.0307373506822521,0.0330433702746841
"bchstudy","~~","bchstudy","",1.04535399599215,0,NA,NA,1.04535399599215,1.04535399599215,1.04535399599215,1,1.04535399599215
"bchstudy","~~","bdegexp","",0.0326586317681759,0,NA,NA,0.0326586317681759,0.0326586317681759,0.0326586317681759,0.0310378224461918,0.0326586317681759
"bdegexp","~~","bdegexp","",1.05913202392143,0,NA,NA,1.05913202392143,1.05913202392143,1.05913202392143,1,1.05913202392143
"SB1","~*~","SB1","",0.553884373910915,0,NA,NA,0.553884373910915,0.553884373910915,0.553884373910915,1,1
"SB2","~*~","SB2","",0.577240319698013,0,NA,NA,0.577240319698013,0.577240319698013,0.577240319698013,1,1
"SB3","~*~","SB3","",0.559440240780348,0,NA,NA,0.559440240780348,0.559440240780348,0.559440240780348,1,1
"PG1","~*~","PG1","",0.58560392454675,0,NA,NA,0.58560392454675,0.58560392454675,0.58560392454675,1,1
"PG2","~*~","PG2","",0.561148354356322,0,NA,NA,0.561148354356322,0.561148354356322,0.561148354356322,1,1
"PG3","~*~","PG3","",0.54155575089034,0,NA,NA,0.54155575089034,0.54155575089034,0.54155575089034,1,1
"PG4","~*~","PG4","",0.567529894215446,0,NA,NA,0.567529894215446,0.567529894215446,0.567529894215446,1,1
"PG5","~*~","PG5","",0.565621731140917,0,NA,NA,0.565621731140917,0.565621731140917,0.565621731140917,1,1
"SE1","~*~","SE1","",0.565545552455724,0,NA,NA,0.565545552455724,0.565545552455724,0.565545552455724,1,1
"SE2","~*~","SE2","",0.536294195319334,0,NA,NA,0.536294195319334,0.536294195319334,0.536294195319334,1,1
"SE3","~*~","SE3","",0.539048293647859,0,NA,NA,0.539048293647859,0.539048293647859,0.539048293647859,1,1
"MHWdacad","~*~","MHWdacad","",0.595663493408487,0,NA,NA,0.595663493408487,0.595663493408487,0.595663493408487,1,1
"MHWdlonely","~*~","MHWdlonely","",0.604320843247511,0,NA,NA,0.604320843247511,0.604320843247511,0.604320843247511,1,1
"MHWdmental","~*~","MHWdmental","",0.604760467367449,0,NA,NA,0.604760467367449,0.604760467367449,0.604760467367449,1,1
"MHWdpeers","~*~","MHWdpeers","",0.610317690233198,0,NA,NA,0.610317690233198,0.610317690233198,0.610317690233198,1,1
"MHWdexhaust","~*~","MHWdexhaust","",0.587203929300795,0,NA,NA,0.587203929300795,0.587203929300795,0.587203929300795,1,1
"QIstudent","~*~","QIstudent","",0.604486454229647,0,NA,NA,0.604486454229647,0.604486454229647,0.604486454229647,1,1
"QIfaculty","~*~","QIfaculty","",0.597082544591481,0,NA,NA,0.597082544591481,0.597082544591481,0.597082544591481,1,1
"QIadvisor","~*~","QIadvisor","",0.576742712314334,0,NA,NA,0.576742712314334,0.576742712314334,0.576742712314334,1,1
"QIstaff","~*~","QIstaff","",0.586663822984537,0,NA,NA,0.586663822984537,0.586663822984537,0.586663822984537,1,1
"SB1","~1","","",0,0,NA,NA,0,0,0,0,0
"SB2","~1","","",0,0,NA,NA,0,0,0,0,0
"SB3","~1","","",0,0,NA,NA,0,0,0,0,0
"PG1","~1","","",0,0,NA,NA,0,0,0,0,0
"PG2","~1","","",0,0,NA,NA,0,0,0,0,0
"PG3","~1","","",0,0,NA,NA,0,0,0,0,0
"PG4","~1","","",0,0,NA,NA,0,0,0,0,0
"PG5","~1","","",0,0,NA,NA,0,0,0,0,0
"SE1","~1","","",0,0,NA,NA,0,0,0,0,0
"SE2","~1","","",0,0,NA,NA,0,0,0,0,0
"SE3","~1","","",0,0,NA,NA,0,0,0,0,0
"MHWdacad","~1","","",0,0,NA,NA,0,0,0,0,0
"MHWdlonely","~1","","",0,0,NA,NA,0,0,0,0,0
"MHWdmental","~1","","",0,0,NA,NA,0,0,0,0,0
"MHWdpeers","~1","","",0,0,NA,NA,0,0,0,0,0
"MHWdexhaust","~1","","",0,0,NA,NA,0,0,0,0,0
"QIstudent","~1","","",0,0,NA,NA,0,0,0,0,0
"QIfaculty","~1","","",0,0,NA,NA,0,0,0,0,0
"QIadvisor","~1","","",0,0,NA,NA,0,0,0,0,0
"QIstaff","~1","","",0,0,NA,NA,0,0,0,0,0
"X","~1","","",0.433,0,NA,NA,0.433,0.433,0.433,0.873735585970725,0.433
"XZ_c","~1","","",0.2753352,0,NA,NA,0.2753352,0.2753352,0.2753352,0.411515465451239,0.2753352
"Zplus10_c","~1","","",-2.52020626589911e-16,0,NA,NA,-2.52020626589911e-16,-2.52020626589911e-16,-2.52020626589911e-16,-3.1086542617928e-16,-2.52020626589911e-16
"cohort","~1","","",0.489333333333333,0,NA,NA,0.489333333333333,0.489333333333333,0.489333333333333,0.978726281909267,0.489333333333333
"bchsgrade","~1","","",-0.00727251109344757,0,NA,NA,-0.00727251109344757,-0.00727251109344757,-0.00727251109344757,-0.00732862694274953,-0.00727251109344757
"bcsmath","~1","","",-0.00124681670364326,0,NA,NA,-0.00124681670364326,-0.00124681670364326,-0.00124681670364326,-0.00123586302487093,-0.00124681670364326
"bparented","~1","","",-0.0163414251715335,0,NA,NA,-0.0163414251715335,-0.0163414251715335,-0.0163414251715335,-0.0165119489214256,-0.0163414251715335
"firstgen","~1","","",0.349333333333333,0,NA,NA,0.349333333333333,0.349333333333333,0.349333333333333,0.732602405232862,0.349333333333333
"bchwork","~1","","",0.00964135248700203,0,NA,NA,0.00964135248700203,0.00964135248700203,0.00964135248700203,0.00967417987024358,0.00964135248700203
"bcnonacad","~1","","",-0.0150072318405958,0,NA,NA,-0.0150072318405958,-0.0150072318405958,-0.0150072318405958,-0.015052933469373,-0.0150072318405958
"bcscourses","~1","","",-0.0373967205472637,0,NA,NA,-0.0373967205472637,-0.0373967205472637,-0.0373967205472637,-0.0358006295586753,-0.0373967205472637
"bchstudy","~1","","",-0.0183515619934878,0,NA,NA,-0.0183515619934878,-0.0183515619934878,-0.0183515619934878,-0.017949044871899,-0.0183515619934878
"bdegexp","~1","","",-0.0203618293335565,0,NA,NA,-0.0203618293335565,-0.0203618293335565,-0.0203618293335565,-0.0197852591561652,-0.0203618293335565
"Belong","~1","","",0,0,NA,NA,0,0,0,0,0
"Gains","~1","","",0,0,NA,NA,0,0,0,0,0
"SuppEnv","~1","","",0,0,NA,NA,0,0,0,0,0
"DevAdj","~1","","",0,0,NA,NA,0,0,0,0,0
"M1","~1","","",0,0,NA,NA,0,0,0,0,0
"M2","~1","","",0,0,NA,NA,0,0,0,0,0
"a1_z0",":=","a1+a1xz*0","a1_z0",0.0532985405841714,0.041701572169789,1.27809427345245,0.201216187861243,-0.0284350389673128,0.135032120135656,0.0521266609286413,0.0258325797237906,0.0521266609286413
"a1_z1",":=","a1+a1xz*1","a1_z1",0.0354075427758663,0.035008371851426,1.01140215620807,0.311823989597472,-0.0332076052103144,0.104022690762047,0.0346290340479242,0.014125334185777,0.0346290340479242
"a1_z2",":=","a1+a1xz*2","a1_z2",0.0175165449675612,0.0609244879262035,0.287512387281425,0.773720018479656,-0.101893257144343,0.136926347079465,0.0171314071672072,0.00241808864776343,0.0171314071672072
"a1_z3",":=","a1+a1xz*3","a1_z3",-0.000374452840743979,0.0959043404105326,-0.00390444102051146,0.996884714706415,-0.188343506006457,0.187594600324969,-0.000366219713509836,-0.00928915689025018,-0.000366219713509836
"a1_z4",":=","a1+a1xz*4","a1_z4",-0.0182654506490491,0.132977945318821,-0.137356992584423,0.890748623713155,-0.278897434212075,0.242366532913977,-0.0178638465942269,-0.0209964024282638,-0.0178638465942269
"a2_z0",":=","a2+a2xz*0","a2_z0",0.162745950541983,0.0420232525057236,3.87275950427247,0.000107610000441127,0.080381889117532,0.245110011966433,0.15428675257717,0.0764603902354427,0.15428675257717
"a2_z1",":=","a2+a2xz*1","a2_z1",0.102001916725714,0.0389662821006704,2.61769692223111,0.00885253930329455,0.0256294071969724,0.178374426254456,0.0967000680253342,0.0379305107058105,0.0967000680253342
"a2_z2",":=","a2+a2xz*2","a2_z2",0.0412578829094456,0.0690423947004413,0.597573173532781,0.550124768567352,-0.0940627241098185,0.17657848992871,0.039113383473498,-0.000599368823821736,0.039113383473498
"a2_z3",":=","a2+a2xz*3","a2_z3",-0.0194861509068229,0.107291179165984,-0.181619319111751,0.855881486543394,-0.229772997930986,0.19080069611734,-0.0184733010783383,-0.039129248353454,-0.0184733010783383
"a2_z4",":=","a2+a2xz*4","a2_z4",-0.0802301847230915,0.147485611919659,-0.543986519626035,0.586450749299862,-0.369296672323475,0.208836302877292,-0.0760599856301745,-0.0776591278830862,-0.0760599856301745
"ind_M1_z0",":=","a1_z0*b1","ind_M1_z0",-0.0179003550727975,0.0140704494767344,-1.27219497162446,0.203303853788231,-0.0454779292934874,0.00967721914789243,-0.0149137347605689,-0.00739084827837457,-0.0149137347605689
"ind_M1_z1",":=","a1_z1*b1","ind_M1_z1",-0.0118916499588264,0.0117903570815223,-1.00859116281244,0.313170747257445,-0.0350003252034769,0.011217025285824,-0.00990756399134106,-0.00404133861057127,-0.00990756399134106
"ind_M1_z2",":=","a1_z2*b1","ind_M1_z2",-0.00588294484485542,0.0204655478485541,-0.287456015758262,0.773763175676347,-0.0459946815519026,0.0342287918621918,-0.00490139322211323,-0.000691828942767972,-0.00490139322211323
"ind_M1_z3",":=","a1_z3*b1","ind_M1_z3",0.000125760269115615,0.0322095627783473,0.00390443887677222,0.996884716416858,-0.063003822734227,0.0632553432724583,0.000104777547114595,0.00265768072503533,0.000104777547114595
"ind_M1_z4",":=","a1_z4*b1","ind_M1_z4",0.00613446538308664,0.0446639046322904,0.137347270320196,0.890756308129139,-0.0814051791051341,0.0936741098713074,0.00511094831634242,0.00600719039283863,0.00511094831634242
"ind_M2_z0",":=","a2_z0*b2","ind_M2_z0",0.0617640055623909,0.0163632432797016,3.77455767824514,0.000160291819666591,0.0296926380639087,0.0938353730608732,0.0514588673220014,0.025501639063575,0.0514588673220014
"ind_M2_z1",":=","a2_z1*b2","ind_M2_z1",0.0387109290955682,0.0149677948901824,2.58628137141026,0.00970176963911573,0.00937459018282816,0.0680472680083083,0.0322521272074559,0.0126508665537554,0.0322521272074559
"ind_M2_z2",":=","a2_z2*b2","ind_M2_z2",0.0156578526287455,0.0262200514809418,0.597170933860542,0.550393262970358,-0.0357325039466866,0.0670482092041776,0.0130453870929105,-0.000199905956064244,0.0130453870929105
"ind_M2_z3",":=","a2_z3*b2","ind_M2_z3",-0.00739522383807718,0.0407200734036263,-0.181611259998824,0.855887811606946,-0.0872051011570121,0.0724146534808577,-0.00616135302163496,-0.0130506784658838,-0.00616135302163496
"ind_M2_z4",":=","a2_z4*b2","ind_M2_z4",-0.0304483003048999,0.0559994171297791,-0.543725307610537,0.586630514474791,-0.140205141034502,0.0793085404247024,-0.0253680931361804,-0.0259014509757035,-0.0253680931361804
"ind_serial_z0",":=","a1_z0*d*b2","ind_serial_z0",-0.00512418431434381,0.00402958862572632,-1.27163956182257,0.203501213519711,-0.0130220328932796,0.00277366426459202,-0.00426922960006111,-0.00211571606617428,-0.00426922960006111
"ind_serial_z1",":=","a1_z1*d*b2","ind_serial_z1",-0.0034041227642063,0.00337482874282407,-1.0086801504949,0.313128054313292,-0.0100186655541321,0.00321042002571946,-0.0028361551372206,-0.00115688006372071,-0.0028361551372206
"ind_serial_z2",":=","a1_z2*d*b2","ind_serial_z2",-0.0016840612140688,0.00585793317147147,-0.287483855614859,0.773741861810282,-0.0131653992539954,0.00979727682585778,-0.00140308067438009,-0.000198044061267142,-0.00140308067438009
"ind_serial_z3",":=","a1_z3*d*b2","ind_serial_z3",3.60003360687067e-05,0.00922037528990473,0.00390443283888054,0.996884721234362,-0.0180356031560876,0.018107603828225,2.99937884604274e-05,0.000760791941186427,2.99937884604274e-05
"ind_serial_z4",":=","a1_z4*d*b2","ind_serial_z4",0.00175606188620621,0.0127862929490596,0.137339406597544,0.890762523573156,-0.023304611789729,0.0268167355621415,0.00146306825130094,0.00171962794364,0.00146306825130094
"direct_z0",":=","c+cxz*0","direct_z0",0.241791014617149,0.0452070729678193,5.34852178528054,8.86755036066944e-08,0.153186779753749,0.330395249480549,0.201448912316209,0.0998326958790496,0.201448912316209
"direct_z1",":=","c+cxz*1","direct_z1",0.0577037430379539,0.0315395304899757,1.82956886616604,0.0673144328066928,-0.00411260081170133,0.119520086887609,0.0480760473666725,-0.00278543634387529,0.0480760473666725
"direct_z2",":=","c+cxz*2","direct_z2",-0.126383528541241,0.0508654993228961,-2.48466112047684,0.0129674811915637,-0.226078075269764,-0.026688981812718,-0.105296817582864,-0.1054035685668,-0.105296817582864
"direct_z3",":=","c+cxz*3","direct_z3",-0.310470800120435,0.0825914678392148,-3.75911469117906,0.00017051566272519,-0.472347102515595,-0.148594497725276,-0.258669682532401,-0.208021700789725,-0.258669682532401
"direct_z4",":=","c+cxz*4","direct_z4",-0.49455807169963,0.117033741284014,-4.22577340751202,2.38121511761946e-05,-0.723939989592277,-0.265176153806983,-0.412042547481938,-0.31063983301265,-0.412042547481938
"total_z0",":=","direct_z0+ind_M1_z0+ind_M2_z0+ind_serial_z0","total_z0",0.280530480792398,0.0500842835006501,5.60116789508943,2.12912387720365e-08,0.18236708893963,0.378693872645166,0.233724815277581,0.115827770598076,0.233724815277581
"total_z1",":=","direct_z1+ind_M1_z1+ind_M2_z1+ind_serial_z1","total_z1",0.0811188994104894,0.0342694256820945,2.36709246787504,0.0179284528434966,0.0139520593027123,0.148285739518267,0.0675844554455668,0.00466721153558808,0.0675844554455668
"total_z2",":=","direct_z2+ind_M1_z2+ind_M2_z2+ind_serial_z2","total_z2",-0.11829268197142,0.0546304998621288,-2.16532307538747,0.0303629524270999,-0.225366494158612,-0.0112188697842267,-0.098555904386447,-0.1064933475269,-0.098555904386447
"total_z3",":=","direct_z3+ind_M1_z3+ind_M2_z3+ind_serial_z3","total_z3",-0.317704263353328,0.0890995476396478,-3.56572251789924,0.000362855137330476,-0.492336167765849,-0.143072358940808,-0.264696264218461,-0.217653906589387,-0.264696264218461
"total_z4",":=","direct_z4+ind_M1_z4+ind_M2_z4+ind_serial_z4","total_z4",-0.517115844735237,0.126637700388913,-4.08342731388157,4.43763138460174e-05,-0.76532117658248,-0.268910512887994,-0.430836624050475,-0.328814465651875,-0.430836624050475
