,cohort,hgrades,hgrades_c,Cgrades,bparented,bparented_c,pell,hapcl,hapcl_c,hprecalc13,hprecalc13_c,hchallenge,hchallenge_c,cSFcareer,cSFcareer_c,hacadpr13,hacadpr13_c,tcare,tcare_c,firstgen,re_all,living18,sex,StemMaj,StemMaj_c,trnsfr_cr,x_FASt,credit_dose,credit_dose_c,XZ_c,r,r_minus,r_plus,sbmyself,sbvalued,sbcommunity,pgthink,pganalyze,pgwork,pgvalues,pgprobsolve,SEwellness,SEnonacad,SEactivities,SEacademic,SEdiverse,evalexp,sameinst,MHWdacad,MHWdlonely,MHWdmental,MHWdexhaust,MHWdsleep,MHWdfinancial,QIstudent,QIadvisor,QIfaculty,QIstaff,QIadmin,id,DE_group_temp,hdc17,DC_student,archetype_id,archetype_name,credit_band
cohort,1.0,0.009622294765818051,0.009622294765818051,0.0019323866998179572,-0.008799935313850291,-0.008799935313850291,-0.008316686391748778,-0.023412326984822023,-0.023412326984822023,0.0279907902841212,0.0279907902841212,0.016372863903997663,0.016372863903997663,-0.021850615377122167,-0.021850615377122167,0.00858915418850402,0.00858915418850402,0.01759666971847222,0.01759666971847222,-0.0069231083374786066,-0.021208870284565404,0.01665917368924743,-0.005216012806479718,-0.02499268995410554,-0.02499268995410554,-0.016537502490644763,-0.0037300316901594448,-0.016537502490644763,-0.016537502490644763,-0.022172881361549865,0.0004401904757466606,0.0004401904757466606,0.0004401904757466606,-0.023719528549631785,-0.019636241983078454,-0.010842016902116542,0.023959430852053307,0.02778204806484001,0.012389305453073476,0.021397991427033816,-0.0009944171283536012,0.005869134529854045,0.031215259895099275,0.03235662317775741,-0.014493776396135825,-0.0016846336335092117,0.02110804790341833,0.025848263273170635,0.006680448659302365,-0.005545348258461461,0.0008229403696649087,-0.00038269540388410873,-0.008990190653131398,-0.0013741791092104147,0.020828451929622717,0.02134474947059819,0.019302573707774356,0.03312182652602542,0.026481920174427166,-0.010963625539459345,-0.0009636525693203651,0.008619479398470358,0.024204001047099348,-0.012549103659710582,-0.02292092445943065,0.006193200028082425
hgrades,0.009622294765818055,1.0,1.0,0.2618874555565658,-0.007520281283357329,-0.007520281283357329,-0.11383575221586138,0.05846113082277518,0.05846113082277518,0.06097278817545464,0.06097278817545464,0.019189293547521722,0.019189293547521722,-0.011951761568100757,-0.011951761568100757,0.04046003729813601,0.04046003729813601,-0.012504047777081142,-0.012504047777081142,-0.10867473434624678,-0.07337575554941936,0.05218123338229252,0.01677127147784242,-0.007043088368326157,-0.007043088368326157,0.042375985620389404,-0.0008439421307143312,0.042375985620389404,0.042375985620389404,0.07562665159512927,0.008476659340284956,0.008476659340284956,0.008476659340284956,0.01698477049831101,0.01689882551322612,0.016426524941273304,0.04036602835329332,0.02190331203152936,0.03220521021805543,0.02626026222098975,0.029117892292274336,0.05234541974573035,0.048949736408212124,0.03896532271563643,0.03849547269000174,0.056526990468973526,0.05017722287817544,0.05277269072141223,-0.024821201411243905,-0.01973217266164331,-0.018487007948860375,-0.029025271782985678,-0.031686750277693014,-0.01409296953645198,0.04580430346072347,0.04913649816130754,0.05115049299901202,0.047801844023871776,0.04613800049829623,0.009700924279470141,-0.003391088591410039,0.0036012103055515477,0.012537507075891796,0.039164854076152146,-0.10618256531862383,-0.0017705879491031482
hgrades_c,0.009622294765818055,1.0,1.0,0.2618874555565658,-0.007520281283357329,-0.007520281283357329,-0.11383575221586138,0.05846113082277518,0.05846113082277518,0.06097278817545464,0.06097278817545464,0.019189293547521722,0.019189293547521722,-0.011951761568100757,-0.011951761568100757,0.04046003729813601,0.04046003729813601,-0.012504047777081142,-0.012504047777081142,-0.10867473434624678,-0.07337575554941936,0.05218123338229252,0.01677127147784242,-0.007043088368326157,-0.007043088368326157,0.042375985620389404,-0.0008439421307143312,0.042375985620389404,0.042375985620389404,0.07562665159512927,0.008476659340284956,0.008476659340284956,0.008476659340284956,0.01698477049831101,0.01689882551322612,0.016426524941273304,0.04036602835329332,0.02190331203152936,0.03220521021805543,0.02626026222098975,0.029117892292274336,0.05234541974573035,0.048949736408212124,0.03896532271563643,0.03849547269000174,0.056526990468973526,0.05017722287817544,0.05277269072141223,-0.024821201411243905,-0.01973217266164331,-0.018487007948860375,-0.029025271782985678,-0.031686750277693014,-0.01409296953645198,0.04580430346072347,0.04913649816130754,0.05115049299901202,0.047801844023871776,0.04613800049829623,0.009700924279470141,-0.003391088591410039,0.0036012103055515477,0.012537507075891796,0.039164854076152146,-0.10618256531862383,-0.0017705879491031482
Cgrades,0.0019323866998179607,0.2618874555565658,0.2618874555565658,1.0,-0.001336342228287669,-0.001336342228287669,-0.005530712113050704,0.021372208338309818,0.021372208338309818,0.018145279674719662,0.018145279674719662,-0.006657538479858073,-0.006657538479858073,-0.02325187785098258,-0.02325187785098258,0.008199086001031237,0.008199086001031237,-0.02261793686963526,-0.02261793686963526,-0.01324936821354736,-0.018254651387579774,0.03679799835792993,-0.03947907136758744,-0.006555207238113817,-0.006555207238113817,0.007335973254261632,-0.017641709873665357,0.007335973254261632,0.007335973254261632,-0.0011748233650871946,0.00586045434377322,0.00586045434377322,0.00586045434377322,-0.03176699333798588,-0.03579066646428935,-0.04498424934841478,0.010858022728041851,0.0037969166422119546,0.02159040784081437,0.009012974631242609,0.016898961267231866,0.03443607820251911,0.010466706877334177,0.0022862386007320877,0.015447586933213672,0.02449083332409781,0.020977821571689786,0.027770921124376877,0.0097274936453979,0.023765182850107522,0.021992042156833168,0.025244376112618566,0.011530586813162144,0.0241539748388268,0.012955362928834292,0.018493724812215572,0.013736376207782442,0.0031482647736265105,0.009982813176630566,0.0061899695477261275,-0.01721903034557698,-0.012824456011686015,-0.0028994314166919766,-0.000998908304414149,-0.02557796601393685,0.01663517802583198
bparented,-0.00879993531385029,-0.007520281283357333,-0.007520281283357333,-0.0013363422282876595,1.0,1.0,0.01875499164974398,-0.011099375450685718,-0.011099375450685718,-0.015396796770906012,-0.015396796770906012,-0.002909847012758367,-0.002909847012758367,-0.002817971358341893,-0.002817971358341893,-0.0022293703521306515,-0.0022293703521306515,0.010438293093993276,0.010438293093993276,0.011024723360509619,-0.002018029523806449,-0.01966557130152134,-0.010523264226050783,0.004545690708928301,0.004545690708928301,0.0006882821352100693,0.0004565014492272777,0.0006882821352100693,0.0006882821352100693,0.0012041507073259794,0.01045819488255739,0.01045819488255739,0.01045819488255739,0.0018375571095913124,0.0052792547463739,-0.003127354869669576,-5.34041172561769e-05,0.0144966428892349,-0.005108209807633607,0.0020738440773881,0.003032310389081896,-0.014862658696077573,-0.009363424696739403,-0.002253460106976963,-0.009188612728499008,0.012427775774611726,-0.006913929995520403,-0.016087003333467662,-0.014731373611313554,-0.01384615642406408,-0.034528931827941235,-0.0279267324812981,-0.011795637271413022,-0.00749295867257199,-0.01726043665716682,-0.007149579230789122,-0.009459332117082955,-0.00895381820913854,-0.006826900740920153,-0.007889988522282114,-9.94120047158408e-06,-0.004855288189632235,0.0021167197022447927,0.009442793044843427,-0.0034133549380971013,-0.0008857863703321514
bparented_c,-0.00879993531385029,-0.007520281283357333,-0.007520281283357333,-0.0013363422282876595,1.0,1.0,0.01875499164974398,-0.011099375450685718,-0.011099375450685718,-0.015396796770906012,-0.015396796770906012,-0.002909847012758367,-0.002909847012758367,-0.002817971358341893,-0.002817971358341893,-0.0022293703521306515,-0.0022293703521306515,0.010438293093993276,0.010438293093993276,0.011024723360509619,-0.002018029523806449,-0.01966557130152134,-0.010523264226050783,0.004545690708928301,0.004545690708928301,0.0006882821352100693,0.0004565014492272777,0.0006882821352100693,0.0006882821352100693,0.0012041507073259794,0.01045819488255739,0.01045819488255739,0.01045819488255739,0.0018375571095913124,0.0052792547463739,-0.003127354869669576,-5.34041172561769e-05,0.0144966428892349,-0.005108209807633607,0.0020738440773881,0.003032310389081896,-0.014862658696077573,-0.009363424696739403,-0.002253460106976963,-0.009188612728499008,0.012427775774611726,-0.006913929995520403,-0.016087003333467662,-0.014731373611313554,-0.01384615642406408,-0.034528931827941235,-0.0279267324812981,-0.011795637271413022,-0.00749295867257199,-0.01726043665716682,-0.007149579230789122,-0.009459332117082955,-0.00895381820913854,-0.006826900740920153,-0.007889988522282114,-9.94120047158408e-06,-0.004855288189632235,0.0021167197022447927,0.009442793044843427,-0.0034133549380971013,-0.0008857863703321514
pell,-0.008316686391748778,-0.11383575221586138,-0.11383575221586138,-0.0055307121130507095,0.018754991649743966,0.018754991649743966,1.0,-0.07775847207068416,-0.07775847207068416,-0.07908761740981955,-0.07908761740981955,-0.018238187778281893,-0.018238187778281893,0.004539259923915368,0.004539259923915368,-0.05749641901838286,-0.05749641901838286,0.06481306063370641,0.06481306063370641,0.12727264825262463,0.10227260687489352,-0.07890669619490846,-0.05392832173320233,-0.011274300560785598,-0.011274300560785598,-0.05936959819706816,-0.06425193864876956,-0.05936959819706816,-0.05936959819706816,-0.0698877391663196,-0.027927493806389404,-0.027927493806389404,-0.027927493806389404,-0.04704956908741726,-0.03524846526474893,-0.042413821174180286,-0.07067873200800213,-0.04508982248079356,-0.05833074905966541,-0.05910756985763393,-0.061099111451769265,-0.06964694754567925,-0.0682087594603103,-0.08150936734368588,-0.07488896209131359,-0.06893196299209632,-0.08656902614983356,-0.09862981863462922,0.05095288423935036,0.04526992817263212,0.053002239045772906,0.034043198636728285,0.06922402464740392,0.0343395031062836,-0.10901534805244152,-0.11065076780118657,-0.09692892455884801,-0.10590619085446808,-0.11703335499324825,-0.01778147707899199,-0.0633769675520665,-0.0532093463369027,-0.034787856225254654,-0.11285463690870276,0.16404349672474894,0.05992190996664501
hapcl,-0.023412326984822023,0.05846113082277518,0.05846113082277518,0.021372208338309814,-0.011099375450685725,-0.011099375450685725,-0.07775847207068416,1.0000000000000002,1.0000000000000002,0.04611173983038345,0.04611173983038345,0.013288432938451101,0.013288432938451101,-0.006168405250827504,-0.006168405250827504,0.012296700061079155,0.012296700061079155,-0.020480820797068387,-0.020480820797068387,-0.08321012395673767,-0.037123065994471335,0.04880157680114073,0.016142977805402473,-0.005640759358196783,-0.005640759358196783,0.03277286514194107,2.5294563788606444e-13,0.03277286514194107,0.03277286514194107,0.05354362019951715,-0.01740803988936038,-0.01740803988936038,-0.01740803988936038,0.01777763699566249,0.021800482258700165,0.012118568388981215,0.04336304077656995,0.008307326419813684,0.027230167543323545,0.03456608410224361,0.03175739768882157,0.02462993587506154,0.009018607406174717,0.004093752892360782,0.033353603404856984,0.024764744645420157,0.031408971233865456,0.04162457694396303,-0.034948189080153916,-0.023962884752385376,-0.02708683653686337,-0.025817372921909776,-0.02929333113181447,-0.0212147482648826,0.02023198966647865,0.03594774601413175,0.03052294226657019,0.029755993839803735,0.03373819948718923,0.0110445312133377,0.0036812279288381865,-0.0010288157023641477,0.00524622174530448,0.02799551545372557,-0.08106757049501248,0.003679812953142634
hapcl_c,-0.023412326984822023,0.05846113082277518,0.05846113082277518,0.021372208338309814,-0.011099375450685725,-0.011099375450685725,-0.07775847207068416,1.0000000000000002,1.0000000000000002,0.04611173983038345,0.04611173983038345,0.013288432938451101,0.013288432938451101,-0.006168405250827504,-0.006168405250827504,0.012296700061079155,0.012296700061079155,-0.020480820797068387,-0.020480820797068387,-0.08321012395673767,-0.037123065994471335,0.04880157680114073,0.016142977805402473,-0.005640759358196783,-0.005640759358196783,0.03277286514194107,2.5294563788606444e-13,0.03277286514194107,0.03277286514194107,0.05354362019951715,-0.01740803988936038,-0.01740803988936038,-0.01740803988936038,0.01777763699566249,0.021800482258700165,0.012118568388981215,0.04336304077656995,0.008307326419813684,0.027230167543323545,0.03456608410224361,0.03175739768882157,0.02462993587506154,0.009018607406174717,0.004093752892360782,0.033353603404856984,0.024764744645420157,0.031408971233865456,0.04162457694396303,-0.034948189080153916,-0.023962884752385376,-0.02708683653686337,-0.025817372921909776,-0.02929333113181447,-0.0212147482648826,0.02023198966647865,0.03594774601413175,0.03052294226657019,0.029755993839803735,0.03373819948718923,0.0110445312133377,0.0036812279288381865,-0.0010288157023641477,0.00524622174530448,0.02799551545372557,-0.08106757049501248,0.003679812953142634
hprecalc13,0.027990790284121197,0.060972788175454644,0.060972788175454644,0.01814527967471966,-0.015396796770906013,-0.015396796770906013,-0.07908761740981955,0.04611173983038345,0.04611173983038345,0.9999999999999999,0.9999999999999999,-0.01561938691438191,-0.01561938691438191,0.022677158307168682,0.022677158307168682,0.04653395291487137,0.04653395291487137,-0.03642889588183686,-0.03642889588183686,-0.06966928493767013,-0.07924561513086044,0.03658680136311578,0.02429497855651717,-0.007179403214058189,-0.007179403214058189,0.01586869316181501,1.804140849236856e-13,0.01586869316181501,0.01586869316181501,0.004223619698396024,0.00836714167912168,0.00836714167912168,0.00836714167912168,-0.0003324818126051739,0.006069883081044712,0.003773951184647082,0.01973219021877793,0.03867569181374402,0.02892056807345355,0.04438384157167646,0.012727755523787198,0.010608496716529603,0.01672821464621872,0.009356122328484253,0.01868961975507409,0.02388210980272443,0.031126811491749687,0.031384413376961046,-0.009257028656303854,-0.003355097334788307,0.0028171426973365755,0.0015443251360683797,-0.002479491385247005,-0.004489081114202222,0.0763640211724739,0.08593507101321728,0.08065271075198806,0.07451633373816328,0.07476187289830985,0.004114623149017026,0.0011009256595794123,0.003709916671261772,0.007313137965740685,0.029517355093918046,-0.10808677718920719,0.0011005024899683486
hprecalc13_c,0.027990790284121197,0.060972788175454644,0.060972788175454644,0.01814527967471966,-0.015396796770906013,-0.015396796770906013,-0.07908761740981955,0.04611173983038345,0.04611173983038345,0.9999999999999999,0.9999999999999999,-0.01561938691438191,-0.01561938691438191,0.022677158307168682,0.022677158307168682,0.04653395291487137,0.04653395291487137,-0.03642889588183686,-0.03642889588183686,-0.06966928493767013,-0.07924561513086044,0.03658680136311578,0.02429497855651717,-0.007179403214058189,-0.007179403214058189,0.01586869316181501,1.804140849236856e-13,0.01586869316181501,0.01586869316181501,0.004223619698396024,0.00836714167912168,0.00836714167912168,0.00836714167912168,-0.0003324818126051739,0.006069883081044712,0.003773951184647082,0.01973219021877793,0.03867569181374402,0.02892056807345355,0.04438384157167646,0.012727755523787198,0.010608496716529603,0.01672821464621872,0.009356122328484253,0.01868961975507409,0.02388210980272443,0.031126811491749687,0.031384413376961046,-0.009257028656303854,-0.003355097334788307,0.0028171426973365755,0.0015443251360683797,-0.002479491385247005,-0.004489081114202222,0.0763640211724739,0.08593507101321728,0.08065271075198806,0.07451633373816328,0.07476187289830985,0.004114623149017026,0.0011009256595794123,0.003709916671261772,0.007313137965740685,0.029517355093918046,-0.10808677718920719,0.0011005024899683486
hchallenge,0.016372863903997666,0.019189293547521732,0.019189293547521732,-0.00665753847985807,-0.0029098470127583657,-0.0029098470127583657,-0.01823818777828189,0.013288432938451101,0.013288432938451101,-0.015619386914381903,-0.015619386914381903,1.0,1.0,-0.002166125012444607,-0.002166125012444607,-0.0038955666942964142,-0.0038955666942964142,0.01661700180087069,0.01661700180087069,-0.0397044198781786,-0.030702685514586558,0.01639686896752327,-0.020163139713706726,0.01025462908077882,0.01025462908077882,-0.006488175457118075,-0.0030927809133988442,-0.006488175457118075,-0.006488175457118075,0.013186253717106567,-0.016627712569372517,-0.016627712569372517,-0.016627712569372517,-0.0023243585490215794,0.015373795418698015,0.0030381988985969523,0.017563032578647154,0.007718830002452914,0.009664812383899515,0.0028110467998317145,0.008194587754384475,-0.012537712941323192,0.004962318420689735,0.017638563498388406,-0.0062142988336787545,-0.003489246082590354,-0.016146576964017955,-0.03210988804724702,0.0030613590655796043,0.010026922049030045,0.00541913137868227,0.0016200257980612445,0.017738435478355834,0.011824807464167142,0.008820099641613396,-0.010188660753614616,-0.01163659331197636,-0.004074402304691099,-0.012801350343177016,0.023428224646054676,-0.0061143000194728205,-0.0077373740785345296,-0.014158515482085703,0.011985659658030588,-0.03364089764911509,-0.00017810439094405694
hchallenge_c,0.016372863903997666,0.019189293547521732,0.019189293547521732,-0.00665753847985807,-0.0029098470127583657,-0.0029098470127583657,-0.01823818777828189,0.013288432938451101,0.013288432938451101,-0.015619386914381903,-0.015619386914381903,1.0,1.0,-0.002166125012444607,-0.002166125012444607,-0.0038955666942964142,-0.0038955666942964142,0.01661700180087069,0.01661700180087069,-0.0397044198781786,-0.030702685514586558,0.01639686896752327,-0.020163139713706726,0.01025462908077882,0.01025462908077882,-0.006488175457118075,-0.0030927809133988442,-0.006488175457118075,-0.006488175457118075,0.013186253717106567,-0.016627712569372517,-0.016627712569372517,-0.016627712569372517,-0.0023243585490215794,0.015373795418698015,0.0030381988985969523,0.017563032578647154,0.007718830002452914,0.009664812383899515,0.0028110467998317145,0.008194587754384475,-0.012537712941323192,0.004962318420689735,0.017638563498388406,-0.0062142988336787545,-0.003489246082590354,-0.016146576964017955,-0.03210988804724702,0.0030613590655796043,0.010026922049030045,0.00541913137868227,0.0016200257980612445,0.017738435478355834,0.011824807464167142,0.008820099641613396,-0.010188660753614616,-0.01163659331197636,-0.004074402304691099,-0.012801350343177016,0.023428224646054676,-0.0061143000194728205,-0.0077373740785345296,-0.014158515482085703,0.011985659658030588,-0.03364089764911509,-0.00017810439094405694
cSFcareer,-0.02185061537712217,-0.011951761568100757,-0.011951761568100757,-0.023251877850982573,-0.002817971358341887,-0.002817971358341887,0.004539259923915371,-0.006168405250827499,-0.006168405250827499,0.022677158307168682,0.022677158307168682,-0.002166125012444604,-0.002166125012444604,1.0,1.0,0.010793036434659736,0.010793036434659736,-0.009444323308869079,-0.009444323308869079,0.025154476849241315,-0.0075545409126211655,-0.017536022508114164,-0.012905916505678402,0.018194666432602324,0.018194666432602324,-0.02024112032025129,-0.0018628892699436618,-0.02024112032025129,-0.02024112032025129,-0.008543713424462302,0.031285937871284954,0.031285937871284954,0.031285937871284954,-0.02104838138040841,-0.010058166617069465,-0.011249622105919944,-0.02137768351412645,-0.03612202180206248,-0.009654665101986077,-0.011398182970993867,-0.03563975039525826,0.033347004250184824,0.015703592988992692,0.006888058110686927,0.02648471706916585,0.01823423060280031,-0.0025257082127668347,-0.009465102890480174,0.007774170219769489,-0.00020309658998348855,0.0012773497458706885,-0.009221329980775596,-0.005988116271532408,0.003659269447938741,-0.006149559380697788,-0.015393105823915482,-0.014502891759353998,-0.014960690601676069,-0.002572788675323197,0.013882911143838677,-0.011047247762620041,0.011138310708107325,0.013756096362939091,-0.023109820449364455,0.0096222039172723,-0.007468840442576458
cSFcareer_c,-0.02185061537712217,-0.011951761568100757,-0.011951761568100757,-0.023251877850982573,-0.002817971358341887,-0.002817971358341887,0.004539259923915371,-0.006168405250827499,-0.006168405250827499,0.022677158307168682,0.022677158307168682,-0.002166125012444604,-0.002166125012444604,1.0,1.0,0.010793036434659736,0.010793036434659736,-0.009444323308869079,-0.009444323308869079,0.025154476849241315,-0.0075545409126211655,-0.017536022508114164,-0.012905916505678402,0.018194666432602324,0.018194666432602324,-0.02024112032025129,-0.0018628892699436618,-0.02024112032025129,-0.02024112032025129,-0.008543713424462302,0.031285937871284954,0.031285937871284954,0.031285937871284954,-0.02104838138040841,-0.010058166617069465,-0.011249622105919944,-0.02137768351412645,-0.03612202180206248,-0.009654665101986077,-0.011398182970993867,-0.03563975039525826,0.033347004250184824,0.015703592988992692,0.006888058110686927,0.02648471706916585,0.01823423060280031,-0.0025257082127668347,-0.009465102890480174,0.007774170219769489,-0.00020309658998348855,0.0012773497458706885,-0.009221329980775596,-0.005988116271532408,0.003659269447938741,-0.006149559380697788,-0.015393105823915482,-0.014502891759353998,-0.014960690601676069,-0.002572788675323197,0.013882911143838677,-0.011047247762620041,0.011138310708107325,0.013756096362939091,-0.023109820449364455,0.0096222039172723,-0.007468840442576458
hacadpr13,0.00858915418850402,0.04046003729813601,0.04046003729813601,0.008199086001031235,-0.0022293703521306563,-0.0022293703521306563,-0.05749641901838286,0.012296700061079155,0.012296700061079155,0.04653395291487137,0.04653395291487137,-0.003895566694296407,-0.003895566694296407,0.01079303643465973,0.01079303643465973,1.0000000000000002,1.0000000000000002,-0.039914567522406685,-0.039914567522406685,-0.06688535311557335,-0.07482563877679092,0.018191369593308908,0.014560914467713494,0.003211915335386965,0.003211915335386965,0.024211270328374945,0.008508641581212685,0.024211270328374945,0.024211270328374945,0.0047262773918935784,-0.0079513014382413,-0.0079513014382413,-0.0079513014382413,-0.043824931226459855,-0.029023824660143954,-0.03597519209423587,-0.0074307802496962885,-0.004108876740651599,-0.01509978728432772,-0.002204020218401839,-0.009051156443561314,0.016453978015448175,0.00967259548542671,0.010590435612409336,0.023855547229221015,0.024080477438550123,0.0161479018294752,0.026750912318058782,-0.02229606028477847,-0.02075682298254279,-0.022362730331720603,-0.005528323283669197,-0.0077194885438648525,0.0036418956260327027,0.005760191351678024,0.007328868143831896,0.009946128510846393,0.005868718796792337,0.012454756762509728,0.011690403076151558,0.012343350185016401,0.010651167871086033,0.01090997472575111,0.0752769989517862,-0.11434156354154544,-0.003986173020687836
hacadpr13_c,0.00858915418850402,0.04046003729813601,0.04046003729813601,0.008199086001031235,-0.0022293703521306563,-0.0022293703521306563,-0.05749641901838286,0.012296700061079155,0.012296700061079155,0.04653395291487137,0.04653395291487137,-0.003895566694296407,-0.003895566694296407,0.01079303643465973,0.01079303643465973,1.0000000000000002,1.0000000000000002,-0.039914567522406685,-0.039914567522406685,-0.06688535311557335,-0.07482563877679092,0.018191369593308908,0.014560914467713494,0.003211915335386965,0.003211915335386965,0.024211270328374945,0.008508641581212685,0.024211270328374945,0.024211270328374945,0.0047262773918935784,-0.0079513014382413,-0.0079513014382413,-0.0079513014382413,-0.043824931226459855,-0.029023824660143954,-0.03597519209423587,-0.0074307802496962885,-0.004108876740651599,-0.01509978728432772,-0.002204020218401839,-0.009051156443561314,0.016453978015448175,0.00967259548542671,0.010590435612409336,0.023855547229221015,0.024080477438550123,0.0161479018294752,0.026750912318058782,-0.02229606028477847,-0.02075682298254279,-0.022362730331720603,-0.005528323283669197,-0.0077194885438648525,0.0036418956260327027,0.005760191351678024,0.007328868143831896,0.009946128510846393,0.005868718796792337,0.012454756762509728,0.011690403076151558,0.012343350185016401,0.010651167871086033,0.01090997472575111,0.0752769989517862,-0.11434156354154544,-0.003986173020687836
tcare,0.01759666971847221,-0.012504047777081142,-0.012504047777081142,-0.022617936869635265,0.010438293093993276,0.010438293093993276,0.06481306063370641,-0.020480820797068394,-0.020480820797068394,-0.03642889588183686,-0.03642889588183686,0.016617001800870692,0.016617001800870692,-0.009444323308869067,-0.009444323308869067,-0.03991456752240669,-0.03991456752240669,1.0,1.0,0.05156820099037819,0.04329005259323248,0.02858023157511831,-0.05038406995987092,-0.021838211260961526,-0.021838211260961526,-0.011801223519243818,-0.014298313230824661,-0.011801223519243818,-0.011801223519243818,-0.010334648179366806,-0.009597082994134268,-0.009597082994134268,-0.009597082994134268,-0.0171507617368181,-0.0059816145958735654,0.0018691967652691081,-0.04139259032734469,-0.05201328541863455,-0.031478108939072685,-0.021998928886529597,-0.036821323521184765,-0.055852189199345606,-0.042470980897144565,-0.04077750787904822,-0.04622705539347591,-0.04129768015887948,-0.043138401835610844,-0.04695523770289777,0.039603247485505595,0.056924681221012574,0.05430208437897107,0.06723441512862104,0.05245957586868636,0.03832505669715252,-0.03991432006490317,-0.045411996180451296,-0.055043074362097766,-0.04656064629035616,-0.043271665443729304,0.0118922401043382,-0.014122439170504382,-0.014019531892907394,-0.015703594570867976,-0.16616491509941392,0.10290626064722337,0.013315899252909649
tcare_c,0.01759666971847221,-0.012504047777081142,-0.012504047777081142,-0.022617936869635265,0.010438293093993276,0.010438293093993276,0.06481306063370641,-0.020480820797068394,-0.020480820797068394,-0.03642889588183686,-0.03642889588183686,0.016617001800870692,0.016617001800870692,-0.009444323308869067,-0.009444323308869067,-0.03991456752240669,-0.03991456752240669,1.0,1.0,0.05156820099037819,0.04329005259323248,0.02858023157511831,-0.05038406995987092,-0.021838211260961526,-0.021838211260961526,-0.011801223519243818,-0.014298313230824661,-0.011801223519243818,-0.011801223519243818,-0.010334648179366806,-0.009597082994134268,-0.009597082994134268,-0.009597082994134268,-0.0171507617368181,-0.0059816145958735654,0.0018691967652691081,-0.04139259032734469,-0.05201328541863455,-0.031478108939072685,-0.021998928886529597,-0.036821323521184765,-0.055852189199345606,-0.042470980897144565,-0.04077750787904822,-0.04622705539347591,-0.04129768015887948,-0.043138401835610844,-0.04695523770289777,0.039603247485505595,0.056924681221012574,0.05430208437897107,0.06723441512862104,0.05245957586868636,0.03832505669715252,-0.03991432006490317,-0.045411996180451296,-0.055043074362097766,-0.04656064629035616,-0.043271665443729304,0.0118922401043382,-0.014122439170504382,-0.014019531892907394,-0.015703594570867976,-0.16616491509941392,0.10290626064722337,0.013315899252909649
firstgen,-0.006923108337478613,-0.10867473434624678,-0.10867473434624678,-0.01324936821354736,0.01102472336050962,0.01102472336050962,0.12727264825262463,-0.08321012395673767,-0.08321012395673767,-0.06966928493767013,-0.06966928493767013,-0.0397044198781786,-0.0397044198781786,0.025154476849241315,0.025154476849241315,-0.06688535311557335,-0.06688535311557335,0.05156820099037819,0.05156820099037819,1.0,0.05850474568902869,-0.057148292264588195,-0.03973931734160133,0.0062797716795134195,0.0062797716795134195,-0.05519004093431342,-0.060794256434130875,-0.05519004093431342,-0.05519004093431342,-0.06394778713334662,-0.0032876855384103136,-0.0032876855384103136,-0.0032876855384103136,-0.041607740735201494,-0.027756376703055682,-0.020878600139547576,-0.0546025905558395,-0.033904918370566854,-0.03702084396300438,-0.048351183444294316,-0.037352917474769765,-0.06792271870042847,-0.058479422264240924,-0.05582466915361196,-0.058451822743607135,-0.04432702932263022,-0.10880356412994627,-0.1137578242351819,0.06469909469195334,0.060207474716320854,0.04994931532755244,0.06261568882524332,0.06930983596413139,0.05687634253100081,-0.11573600877892012,-0.1252436663348151,-0.11668417904904214,-0.11148867580752878,-0.12477434725462185,-0.010027357743134393,-0.058010129853493145,-0.058208904263973155,-0.03727671396796034,-0.10679462670099896,0.11821495372713536,0.05865273546167895
re_all,-0.021208870284565404,-0.07337575554941936,-0.07337575554941936,-0.01825465138757978,-0.002018029523806446,-0.002018029523806446,0.10227260687489352,-0.03712306599447134,-0.03712306599447134,-0.07924561513086043,-0.07924561513086043,-0.030702685514586558,-0.030702685514586558,-0.0075545409126211655,-0.0075545409126211655,-0.07482563877679092,-0.07482563877679092,0.04329005259323248,0.04329005259323248,0.058504745689028685,1.0000000000000002,-0.14388367396484716,0.01506119897038843,0.020898650814901283,0.020898650814901283,-0.08359358508824244,-0.09756052011160288,-0.08359358508824244,-0.08359358508824244,-0.10101631063948002,-0.017443557108903898,-0.017443557108903898,-0.017443557108903898,0.1647311344389321,0.1703900244913223,0.17402404586547715,-0.07555887545447536,-0.054439512722421764,-0.06272312762043145,-0.0607475728761437,-0.05923630367688772,0.07921273476448085,0.0741543778948728,0.08215750804927041,0.07917932916967807,0.08555205211997162,0.06499104952793454,0.07196522650428093,-0.3157856012207823,-0.3132467317405069,-0.31691304864021824,-0.3347059630548423,-0.3155384940962913,-0.2950460897799023,0.04493875263351897,0.051111876512603294,0.05971208927064543,0.05978535687537559,0.061804296785099,0.0074823343799670155,-0.08891960412715562,-0.08277895677034544,-0.046776855916070115,0.31534208854454215,0.8450016940327603,0.09829532324179173
living18,0.016659173689247426,0.05218123338229252,0.05218123338229252,0.03679799835792992,-0.019665571301521335,-0.019665571301521335,-0.07890669619490848,0.04880157680114073,0.04880157680114073,0.03658680136311579,0.03658680136311579,0.01639686896752327,0.01639686896752327,-0.017536022508114167,-0.017536022508114167,0.018191369593308908,0.018191369593308908,0.028580231575118308,0.028580231575118308,-0.057148292264588195,-0.14388367396484716,1.0,-0.36761841198056694,0.021961337305230894,0.021961337305230894,0.005804439821621081,0.00503728240835591,0.005804439821621081,0.005804439821621081,-0.001495481122823672,0.0025187131928105498,0.0025187131928105498,0.0025187131928105498,-0.021427588660865457,-0.022310079294179143,-0.034678218214466955,0.09108800276657217,0.06488691738126641,0.08507966054308422,0.06730917525789033,0.06734585493228558,-0.0022690956883645677,0.001468317082681925,0.0016967272387412233,-0.01003498280723016,0.0022814898449212053,0.04715425645737704,0.05869708078456983,0.16117031588419803,0.16468856324871753,0.17607986218544644,0.17315375658156343,0.16755079239969053,0.13666445013215295,-0.02571388742306945,-0.02913806189609897,-0.028632209013107944,-0.019557318555889925,-0.031263127519542626,0.0070766382482480746,0.0026960485169778407,0.022137368086979074,0.04597666359291431,-0.3776992107568284,-0.11725800043254225,-0.0069695764069558665
sex,-0.005216012806479711,0.01677127147784242,0.01677127147784242,-0.03947907136758744,-0.010523264226050776,-0.010523264226050776,-0.05392832173320233,0.016142977805402473,0.016142977805402473,0.024294978556517178,0.024294978556517178,-0.020163139713706726,-0.020163139713706726,-0.012905916505678402,-0.012905916505678402,0.014560914467713494,0.014560914467713494,-0.05038406995987092,-0.05038406995987092,-0.03973931734160133,0.015061198970388427,-0.36761841198056694,1.0,-0.0023580252187533086,-0.0023580252187533086,0.028809117344842636,0.041465769282642895,0.028809117344842636,0.028809117344842636,0.042200382471690015,-0.011023394566855754,-0.011023394566855754,-0.011023394566855754,-0.0039031527353890253,0.0048101581992925305,0.005583922239116169,-0.00997703783954652,-0.00640431199827516,-0.0038360408342558,-0.009575131536997707,0.020342613843206885,-0.0075657196217973075,-0.006357889663940564,0.01511087813371525,-0.01350034607269052,-0.0023313761205436575,0.025255973663000832,0.023246026464017036,-0.09525228493646405,-0.10601680695046616,-0.10238429977712994,-0.095784983757474,-0.11644671704782127,-0.07220635841047204,0.07155412029421904,0.06385630394530133,0.07590549540532067,0.08142082580523932,0.07336403525951231,0.014549287182496453,0.04061363679459003,0.027139907843859182,0.004084886808215514,0.25769347442385504,0.048920704778942524,-0.0389586814290941
StemMaj,-0.02499268995410554,-0.007043088368326157,-0.007043088368326157,-0.006555207238113817,0.004545690708928301,0.004545690708928301,-0.011274300560785598,-0.005640759358196783,-0.005640759358196783,-0.00717940321405819,-0.00717940321405819,0.010254629080778824,0.010254629080778824,0.018194666432602317,0.018194666432602317,0.0032119153353869687,0.0032119153353869687,-0.02183821126096153,-0.02183821126096153,0.00627977167951342,0.020898650814901283,0.021961337305230894,-0.0023580252187533125,1.0,1.0,-0.005595250884591332,3.2813293470011186e-15,-0.005595250884591332,-0.005595250884591332,0.0011774502606052874,-0.008480719817426353,-0.008480719817426353,-0.008480719817426353,0.01126891528157299,0.007694275354772653,0.010366392122823831,0.025689930835913338,0.0016688335426846702,-0.02681576060945788,0.00444872753673669,-0.006393926293231769,0.01599742168688602,0.0009619653532203477,0.02728393814707014,0.014186131251359329,0.01991306853060634,-0.004486106315622018,-0.013673067365939484,-0.010691615333769488,-0.01910251940390555,-0.018190971799265838,-0.016618257308088722,-0.008389523666691814,-0.00449272899304317,-0.0005422054110473103,-0.02309609519803768,-0.00606762619698123,-0.00469997046702774,0.0034171301217986883,0.01143379475500453,-0.001592994581584514,-0.005834082091130662,0.0013448712697483871,-0.019637134449558412,0.015360318165928314,-0.0015923822729028883
StemMaj_c,-0.02499268995410554,-0.007043088368326157,-0.007043088368326157,-0.006555207238113817,0.004545690708928301,0.004545690708928301,-0.011274300560785598,-0.005640759358196783,-0.005640759358196783,-0.00717940321405819,-0.00717940321405819,0.010254629080778824,0.010254629080778824,0.018194666432602317,0.018194666432602317,0.0032119153353869687,0.0032119153353869687,-0.02183821126096153,-0.02183821126096153,0.00627977167951342,0.020898650814901283,0.021961337305230894,-0.0023580252187533125,1.0,1.0,-0.005595250884591332,3.2813293470011186e-15,-0.005595250884591332,-0.005595250884591332,0.0011774502606052874,-0.008480719817426353,-0.008480719817426353,-0.008480719817426353,0.01126891528157299,0.007694275354772653,0.010366392122823831,0.025689930835913338,0.0016688335426846702,-0.02681576060945788,0.00444872753673669,-0.006393926293231769,0.01599742168688602,0.0009619653532203477,0.02728393814707014,0.014186131251359329,0.01991306853060634,-0.004486106315622018,-0.013673067365939484,-0.010691615333769488,-0.01910251940390555,-0.018190971799265838,-0.016618257308088722,-0.008389523666691814,-0.00449272899304317,-0.0005422054110473103,-0.02309609519803768,-0.00606762619698123,-0.00469997046702774,0.0034171301217986883,0.01143379475500453,-0.001592994581584514,-0.005834082091130662,0.0013448712697483871,-0.019637134449558412,0.015360318165928314,-0.0015923822729028883
trnsfr_cr,-0.01653750249064477,0.0423759856203894,0.0423759856203894,0.007335973254261631,0.0006882821352100679,0.0006882821352100679,-0.05936959819706816,0.03277286514194107,0.03277286514194107,0.01586869316181501,0.01586869316181501,-0.0064881754571180774,-0.0064881754571180774,-0.02024112032025129,-0.02024112032025129,0.02421127032837495,0.02421127032837495,-0.011801223519243825,-0.011801223519243825,-0.055190040934313414,-0.08359358508824244,0.005804439821621082,0.028809117344842622,-0.005595250884591336,-0.005595250884591336,1.0,0.8424297615214368,1.0,1.0,0.8219715508084108,0.0029301844843863285,0.0029301844843863285,0.0029301844843863285,-0.01634033408680485,-0.0035880450587845404,-0.014467915676617137,-0.0036607932702671818,-0.004288178736913173,-0.0003081265306872864,0.0054768659808539085,0.010170103899907284,0.00971666467862729,0.003347901472023291,-0.002398774542364092,-0.015023593786657147,0.0005448184342600261,0.009263994304492358,-0.012088553388118688,0.05553482578073369,0.060308573922915686,0.06834358940330125,0.06066333828436534,0.05565298596523671,0.06607052382992903,-0.006802416781258837,-0.01828454856244054,-0.009775842777811163,-0.024686844390592447,-0.01809311633610561,0.001495382680416274,0.8784642906425244,0.7260989936982382,0.37961870207329285,0.04175104873510485,-0.11189997835971437,-0.738168910370415
x_FASt,-0.003730031690159449,-0.0008439421307143336,-0.0008439421307143336,-0.01764170987366536,0.0004565014492272755,0.0004565014492272755,-0.06425193864876957,2.5294563788606444e-13,2.5294563788606444e-13,1.80408152949148e-13,1.80408152949148e-13,-0.003092780913398838,-0.003092780913398838,-0.001862889269943658,-0.001862889269943658,0.00850864158121269,0.00850864158121269,-0.014298313230824668,-0.014298313230824668,-0.06079425643413087,-0.09756052011160288,0.005037282408355912,0.041465769282642895,3.2780159885221546e-15,3.2780159885221546e-15,0.8424297615214368,1.0,0.8424297615214368,0.8424297615214368,0.9140886546762126,0.001953974731241281,0.001953974731241281,0.001953974731241281,-0.04044915358080121,-0.026456617507959728,-0.03045211605302481,-0.0053329977165710975,-0.0028099812219519486,-0.005979518205513071,0.0007467779427918223,0.0027915313253518924,0.006124625283915767,-0.004355182392891085,-0.0035912213041733635,-0.009020007861872292,-0.0026487907090139923,0.006227680429019264,-0.008209796005979157,0.06883465777178636,0.07228520281591116,0.08522144483230724,0.07724814143765153,0.07146165116047845,0.0853354262871429,-0.0033471353223242647,-0.025096734173570293,-0.018736425694050887,-0.030870969923442446,-0.016246437603363466,0.0029689407579042686,0.9594743132002191,0.8574218592025408,0.4529062367823517,0.04030819881590075,-0.12140056261105177,-0.9595061186877201
credit_dose,-0.01653750249064477,0.0423759856203894,0.0423759856203894,0.007335973254261631,0.0006882821352100679,0.0006882821352100679,-0.05936959819706816,0.03277286514194107,0.03277286514194107,0.01586869316181501,0.01586869316181501,-0.0064881754571180774,-0.0064881754571180774,-0.02024112032025129,-0.02024112032025129,0.02421127032837495,0.02421127032837495,-0.011801223519243825,-0.011801223519243825,-0.055190040934313414,-0.08359358508824244,0.005804439821621082,0.028809117344842622,-0.005595250884591336,-0.005595250884591336,1.0,0.8424297615214368,1.0,1.0,0.8219715508084108,0.0029301844843863285,0.0029301844843863285,0.0029301844843863285,-0.01634033408680485,-0.0035880450587845404,-0.014467915676617137,-0.0036607932702671818,-0.004288178736913173,-0.0003081265306872864,0.0054768659808539085,0.010170103899907284,0.00971666467862729,0.003347901472023291,-0.002398774542364092,-0.015023593786657147,0.0005448184342600261,0.009263994304492358,-0.012088553388118688,0.05553482578073369,0.060308573922915686,0.06834358940330125,0.06066333828436534,0.05565298596523671,0.06607052382992903,-0.006802416781258837,-0.01828454856244054,-0.009775842777811163,-0.024686844390592447,-0.01809311633610561,0.001495382680416274,0.8784642906425244,0.7260989936982382,0.37961870207329285,0.04175104873510485,-0.11189997835971437,-0.738168910370415
credit_dose_c,-0.01653750249064477,0.0423759856203894,0.0423759856203894,0.007335973254261631,0.0006882821352100679,0.0006882821352100679,-0.05936959819706816,0.03277286514194107,0.03277286514194107,0.01586869316181501,0.01586869316181501,-0.0064881754571180774,-0.0064881754571180774,-0.02024112032025129,-0.02024112032025129,0.02421127032837495,0.02421127032837495,-0.011801223519243825,-0.011801223519243825,-0.055190040934313414,-0.08359358508824244,0.005804439821621082,0.028809117344842622,-0.005595250884591336,-0.005595250884591336,1.0,0.8424297615214368,1.0,1.0,0.8219715508084108,0.0029301844843863285,0.0029301844843863285,0.0029301844843863285,-0.01634033408680485,-0.0035880450587845404,-0.014467915676617137,-0.0036607932702671818,-0.004288178736913173,-0.0003081265306872864,0.0054768659808539085,0.010170103899907284,0.00971666467862729,0.003347901472023291,-0.002398774542364092,-0.015023593786657147,0.0005448184342600261,0.009263994304492358,-0.012088553388118688,0.05553482578073369,0.060308573922915686,0.06834358940330125,0.06066333828436534,0.05565298596523671,0.06607052382992903,-0.006802416781258837,-0.01828454856244054,-0.009775842777811163,-0.024686844390592447,-0.01809311633610561,0.001495382680416274,0.8784642906425244,0.7260989936982382,0.37961870207329285,0.04175104873510485,-0.11189997835971437,-0.738168910370415
XZ_c,-0.022172881361549872,0.07562665159512927,0.07562665159512927,-0.0011748233650871946,0.0012041507073259818,0.0012041507073259818,-0.06988773916631963,0.053543620199517146,0.053543620199517146,0.004223619698396026,0.004223619698396026,0.01318625371710656,0.01318625371710656,-0.008543713424462297,-0.008543713424462297,0.004726277391893582,0.004726277391893582,-0.010334648179366804,-0.010334648179366804,-0.06394778713334662,-0.10101631063948002,-0.0014954811228236687,0.042200382471690015,0.0011774502606052878,0.0011774502606052878,0.8219715508084108,0.9140886546762126,0.8219715508084108,0.8219715508084108,1.0,0.001242794094131564,0.001242794094131564,0.001242794094131564,-0.0269388287141954,-0.019740552676552683,-0.023723115798172083,-0.013715975492664439,0.002772366743163523,-0.01557460738607751,-0.001315464874705347,-0.003524219063281263,0.00944398214836824,0.0014969517840568523,0.008507426069514544,-0.00499285745229171,0.0074529205466129,-0.003629900547783719,-0.006108351809403798,0.06810443825671457,0.0710178472236648,0.08325855291407004,0.07031473214261277,0.07601256249798505,0.0824433711595552,0.006378275865458184,-0.01123646329805125,-0.0023015434218289577,-0.015565241545626295,-0.012855272338832298,0.010763368841884733,0.8770445841495713,0.7862399623233856,0.41399645267484586,0.046867623841597775,-0.1279266272957462,-0.8770736571848523
r,0.00044019047574666306,0.008476659340284954,0.008476659340284954,0.005860454343773223,0.01045819488255739,0.01045819488255739,-0.027927493806389397,-0.017408039889360374,-0.017408039889360374,0.008367141679121677,0.008367141679121677,-0.016627712569372514,-0.016627712569372514,0.03128593787128496,0.03128593787128496,-0.007951301438241305,-0.007951301438241305,-0.009597082994134268,-0.009597082994134268,-0.003287685538410313,-0.017443557108903895,0.0025187131928105515,-0.01102339456685575,-0.008480719817426353,-0.008480719817426353,0.00293018448438632,0.0019539747312412744,0.00293018448438632,0.00293018448438632,0.001242794094131561,1.0,1.0,1.0,0.019557101633197932,0.005667127463172199,0.00794784787404615,-0.00403532471672361,-0.031608932837361735,-0.01765309855060916,-0.009553283799708923,0.0010889498921583048,0.018108941957609842,0.013745627834188296,0.0025084784847606086,0.014641293320630052,0.02572125959762316,-0.0075833478414196786,0.01397986364222077,0.01808952933001343,-0.005198162796468852,-0.001899874226515845,0.013683198955258213,0.00526589380181007,-0.013035341613192702,0.0074799192981925946,0.0027775752409366287,0.011574377452632288,-0.01265142988236629,0.017840415079673676,-0.009735248284601993,0.00024947271664167877,0.019979984418843025,0.035826144034506006,-0.008496113973142077,-0.016701455739755285,-0.0034995418248113634
r_minus,0.00044019047574666306,0.008476659340284954,0.008476659340284954,0.005860454343773223,0.01045819488255739,0.01045819488255739,-0.027927493806389397,-0.017408039889360374,-0.017408039889360374,0.008367141679121677,0.008367141679121677,-0.016627712569372514,-0.016627712569372514,0.03128593787128496,0.03128593787128496,-0.007951301438241305,-0.007951301438241305,-0.009597082994134268,-0.009597082994134268,-0.003287685538410313,-0.017443557108903895,0.0025187131928105515,-0.01102339456685575,-0.008480719817426353,-0.008480719817426353,0.00293018448438632,0.0019539747312412744,0.00293018448438632,0.00293018448438632,0.001242794094131561,1.0,1.0,1.0,0.019557101633197932,0.005667127463172199,0.00794784787404615,-0.00403532471672361,-0.031608932837361735,-0.01765309855060916,-0.009553283799708923,0.0010889498921583048,0.018108941957609842,0.013745627834188296,0.0025084784847606086,0.014641293320630052,0.02572125959762316,-0.0075833478414196786,0.01397986364222077,0.01808952933001343,-0.005198162796468852,-0.001899874226515845,0.013683198955258213,0.00526589380181007,-0.013035341613192702,0.0074799192981925946,0.0027775752409366287,0.011574377452632288,-0.01265142988236629,0.017840415079673676,-0.009735248284601993,0.00024947271664167877,0.019979984418843025,0.035826144034506006,-0.008496113973142077,-0.016701455739755285,-0.0034995418248113634
r_plus,0.00044019047574666306,0.008476659340284954,0.008476659340284954,0.005860454343773223,0.01045819488255739,0.01045819488255739,-0.027927493806389397,-0.017408039889360374,-0.017408039889360374,0.008367141679121677,0.008367141679121677,-0.016627712569372514,-0.016627712569372514,0.03128593787128496,0.03128593787128496,-0.007951301438241305,-0.007951301438241305,-0.009597082994134268,-0.009597082994134268,-0.003287685538410313,-0.017443557108903895,0.0025187131928105515,-0.01102339456685575,-0.008480719817426353,-0.008480719817426353,0.00293018448438632,0.0019539747312412744,0.00293018448438632,0.00293018448438632,0.001242794094131561,1.0,1.0,1.0,0.019557101633197932,0.005667127463172199,0.00794784787404615,-0.00403532471672361,-0.031608932837361735,-0.01765309855060916,-0.009553283799708923,0.0010889498921583048,0.018108941957609842,0.013745627834188296,0.0025084784847606086,0.014641293320630052,0.02572125959762316,-0.0075833478414196786,0.01397986364222077,0.01808952933001343,-0.005198162796468852,-0.001899874226515845,0.013683198955258213,0.00526589380181007,-0.013035341613192702,0.0074799192981925946,0.0027775752409366287,0.011574377452632288,-0.01265142988236629,0.017840415079673676,-0.009735248284601993,0.00024947271664167877,0.019979984418843025,0.035826144034506006,-0.008496113973142077,-0.016701455739755285,-0.0034995418248113634
sbmyself,-0.023719528549631785,0.016984770498311007,0.016984770498311007,-0.031766993337985876,0.0018375571095913124,0.0018375571095913124,-0.04704956908741726,0.017777636995662482,0.017777636995662482,-0.0003324818126051739,-0.0003324818126051739,-0.0023243585490215746,-0.0023243585490215746,-0.021048381380408425,-0.021048381380408425,-0.04382493122645986,-0.04382493122645986,-0.017150761736818097,-0.017150761736818097,-0.041607740735201494,0.1647311344389321,-0.02142758866086545,-0.0039031527353890266,0.011268915281572993,0.011268915281572993,-0.01634033408680486,-0.04044915358080121,-0.01634033408680486,-0.01634033408680486,-0.026938828714195392,0.019557101633197935,0.019557101633197935,0.019557101633197935,1.0,0.728974317271809,0.7452291274252218,0.05743728048714848,0.040262261523450874,0.057238633183205836,0.048048742571107916,0.06056515331504901,0.16151640674408693,0.1755170484006015,0.14018403127308562,0.158751151218641,0.1692158244053277,0.1758049491577015,0.18817685774164095,-0.28787975113665076,-0.29436149411206275,-0.30103509501324605,-0.3076307188593829,-0.2954389832077768,-0.2810092112331509,0.21270818651909576,0.21046369989808536,0.22185385696469395,0.21320803904785776,0.20263231324370531,0.010773212541738353,-0.03343783558949657,-0.03766184379874019,-0.025391740733613357,0.14509796874365552,0.051891659794950445,0.044181233717358735
sbvalued,-0.019636241983078458,0.01689882551322612,0.01689882551322612,-0.035790666464289356,0.0052792547463738956,0.0052792547463738956,-0.03524846526474893,0.021800482258700165,0.021800482258700165,0.006069883081044715,0.006069883081044715,0.015373795418698011,0.015373795418698011,-0.010058166617069462,-0.010058166617069462,-0.029023824660143943,-0.029023824660143943,-0.00598161459587357,-0.00598161459587357,-0.027756376703055686,0.1703900244913223,-0.02231007929417914,0.004810158199292531,0.0076942753547726535,0.0076942753547726535,-0.0035880450587845343,-0.026456617507959728,-0.0035880450587845343,-0.0035880450587845343,-0.019740552676552687,0.005667127463172199,0.005667127463172199,0.005667127463172199,0.728974317271809,1.0,0.7735282395572042,0.07732573263875203,0.06601141327089369,0.06030487555878456,0.0603820071623144,0.08087219754125324,0.1673722746085786,0.15797349882312148,0.13813891161419928,0.15942757786887826,0.17903106781435726,0.17798716113672802,0.17979267814448605,-0.2882750677582552,-0.29906484983236226,-0.2905780956721814,-0.2980453997321381,-0.28544362863326855,-0.26524335914413016,0.20344220472402744,0.20075700891287387,0.20793434451837742,0.20945278692121885,0.18626610540463287,0.0240152745594893,-0.020480293060226036,-0.026503854623228653,-0.019865959246786385,0.1605211022315124,0.05561861711749502,0.030287553193827612
sbcommunity,-0.010842016902116544,0.016426524941273297,0.016426524941273297,-0.04498424934841478,-0.003127354869669568,-0.003127354869669568,-0.04241382117418027,0.012118568388981213,0.012118568388981213,0.0037739511846470856,0.0037739511846470856,0.003038198898596954,0.003038198898596954,-0.011249622105919937,-0.011249622105919937,-0.03597519209423588,-0.03597519209423588,0.0018691967652691103,0.0018691967652691103,-0.020878600139547576,0.17402404586547715,-0.034678218214466955,0.005583922239116169,0.010366392122823826,0.010366392122823826,-0.014467915676617139,-0.03045211605302481,-0.014467915676617139,-0.014467915676617139,-0.02372311579817209,0.00794784787404615,0.00794784787404615,0.00794784787404615,0.7452291274252218,0.7735282395572042,1.0,0.07028387281358695,0.060563066367423826,0.06557109209533064,0.05409511425619945,0.07145206836560473,0.1757496786484478,0.1844107609521583,0.14387164046921766,0.166702177770834,0.1773920560345728,0.1750042775388824,0.18326083155653225,-0.29519425663770665,-0.30667704660838846,-0.30482262422284234,-0.30889006226318455,-0.2963954225981978,-0.2704264321022345,0.22586600518423228,0.2177370703940905,0.22152510866595287,0.22183135064987855,0.20834789737462797,0.042177989274693684,-0.025255427501790367,-0.025734512762122647,-0.011670140760445553,0.14307190537106448,0.06629114031238653,0.03318006418737651
pgthink,0.023959430852053307,0.04036602835329333,0.04036602835329333,0.010858022728041851,-5.340411725617859e-05,-5.340411725617859e-05,-0.07067873200800213,0.04336304077656995,0.04336304077656995,0.019732190218777926,0.019732190218777926,0.017563032578647154,0.017563032578647154,-0.021377683514126455,-0.021377683514126455,-0.007430780249696287,-0.007430780249696287,-0.041392590327344686,-0.041392590327344686,-0.0546025905558395,-0.07555887545447536,0.09108800276657217,-0.009977037839546524,0.025689930835913338,0.025689930835913338,-0.003660793270267181,-0.005332997716571096,-0.003660793270267181,-0.003660793270267181,-0.013715975492664439,-0.0040353247167236005,-0.0040353247167236005,-0.0040353247167236005,0.05743728048714848,0.07732573263875203,0.07028387281358695,1.0,0.5732252080060207,0.5879796711050371,0.556465407920797,0.6122680277468675,0.08842567552612034,0.07509490760494271,0.09002430810476354,0.09873999926939694,0.08145224448397277,0.06734481949223407,0.08497364085811847,-0.12065440045987669,-0.12323613296411187,-0.11719219854306334,-0.10930779984534138,-0.10637156524021026,-0.11315614348069598,0.16027165932737428,0.15492182732242946,0.160462619166435,0.16457459908682615,0.15156073009580676,-0.006644090248447228,-0.007354666730441028,-0.002830323309302912,-0.0050942559519091095,0.069834707042006,-0.13798986855794962,0.002880111684379716
pganalyze,0.02778204806484001,0.021903312031529353,0.021903312031529353,0.003796916642211951,0.014496642889234896,0.014496642889234896,-0.04508982248079356,0.008307326419813684,0.008307326419813684,0.03867569181374403,0.03867569181374403,0.007718830002452912,0.007718830002452912,-0.036122021802062476,-0.036122021802062476,-0.004108876740651596,-0.004108876740651596,-0.05201328541863455,-0.05201328541863455,-0.033904918370566854,-0.054439512722421764,0.0648869173812664,-0.00640431199827516,0.0016688335426846682,0.0016688335426846682,-0.004288178736913173,-0.0028099812219519473,-0.004288178736913173,-0.004288178736913173,0.0027723667431635217,-0.03160893283736174,-0.03160893283736174,-0.03160893283736174,0.040262261523450874,0.06601141327089369,0.06056306636742384,0.5732252080060207,1.0,0.5578088008162109,0.5157274018237759,0.5446493602119327,0.08054938403959111,0.06680747394095392,0.07331223668681063,0.09541607883775773,0.07129045508075026,0.07248363719106417,0.06777372176320028,-0.11497315685179373,-0.11749748963544804,-0.11355618985761547,-0.10733879694483424,-0.10585104821832934,-0.10145545353483555,0.1448831330904467,0.14368208462222629,0.15230764304690758,0.14761400614309805,0.13867599051792098,0.004991034072627122,-0.008057760190638766,-0.004338891196680447,-0.010093505139811712,0.05462104977157082,-0.09981839101055827,-0.0026634003207534817
pgwork,0.012389305453073481,0.03220521021805543,0.03220521021805543,0.02159040784081437,-0.005108209807633606,-0.005108209807633606,-0.05833074905966541,0.02723016754332354,0.02723016754332354,0.02892056807345355,0.02892056807345355,0.009664812383899513,0.009664812383899513,-0.00965466510198608,-0.00965466510198608,-0.015099787284327716,-0.015099787284327716,-0.0314781089390727,-0.0314781089390727,-0.03702084396300438,-0.06272312762043145,0.08507966054308419,-0.0038360408342558005,-0.026815760609457878,-0.026815760609457878,-0.00030812653068728723,-0.005979518205513072,-0.00030812653068728723,-0.00030812653068728723,-0.015574607386077518,-0.017653098550609165,-0.017653098550609165,-0.017653098550609165,0.05723863318320582,0.06030487555878456,0.06557109209533064,0.5879796711050371,0.5578088008162109,1.0,0.529814888023381,0.5550170295930481,0.08789900988007,0.08858851449430853,0.0845772676307955,0.10554191437193476,0.07201430790134485,0.072103805436431,0.07870975722335888,-0.13233417200479747,-0.12896919370739138,-0.12916854685487647,-0.11315483154849997,-0.11687793116818791,-0.11974807219376057,0.15069387457404698,0.14172541707959865,0.1527398434911525,0.15255076387267166,0.1441847013928197,-0.008173962342448255,-0.011396868106524441,-0.008993780363447357,-0.006013840540161904,0.06441807886143909,-0.11782720083296512,7.988576411848596e-05
pgvalues,0.021397991427033816,0.026260262220989747,0.026260262220989747,0.00901297463124261,0.0020738440773881016,0.0020738440773881016,-0.059107569857633914,0.03456608410224361,0.03456608410224361,0.04438384157167647,0.04438384157167647,0.002811046799831722,0.002811046799831722,-0.011398182970993865,-0.011398182970993865,-0.002204020218401834,-0.002204020218401834,-0.02199892888652959,-0.02199892888652959,-0.04835118344429432,-0.0607475728761437,0.06730917525789032,-0.00957513153699771,0.0044487275367366885,0.0044487275367366885,0.005476865980853913,0.0007467779427918223,0.005476865980853913,0.005476865980853913,-0.001315464874705347,-0.009553283799708923,-0.009553283799708923,-0.009553283799708923,0.04804874257110792,0.060382007162314406,0.05409511425619944,0.556465407920797,0.5157274018237759,0.529814888023381,1.0,0.5450455533066313,0.07552750268738773,0.06982278596204547,0.05559182044955202,0.06849887684301008,0.057483704545016376,0.09540549379764822,0.10359542743678324,-0.12022320644996817,-0.1234099946009604,-0.1084377605115706,-0.11300098378584585,-0.10921929961595077,-0.11688790820779266,0.1267328661390958,0.12674401788095302,0.1315034128512185,0.129864820472826,0.12274462771654954,0.011901820781258846,-0.004901533800360785,-0.0005201033416379243,0.0012659008599545968,0.06560267347493917,-0.10837980490373891,-0.006332426617401063
pgprobsolve,-0.000994417128353605,0.02911789229227433,0.02911789229227433,0.01689896126723187,0.0030323103890818946,0.0030323103890818946,-0.061099111451769265,0.03175739768882157,0.03175739768882157,0.012727755523787196,0.012727755523787196,0.00819458775438448,0.00819458775438448,-0.03563975039525826,-0.03563975039525826,-0.009051156443561319,-0.009051156443561319,-0.036821323521184765,-0.036821323521184765,-0.037352917474769765,-0.05923630367688773,0.06734585493228558,0.02034261384320687,-0.006393926293231765,-0.006393926293231765,0.010170103899907287,0.0027915313253518894,0.010170103899907287,0.010170103899907287,-0.003524219063281264,0.0010889498921583065,0.0010889498921583065,0.0010889498921583065,0.060565153315049004,0.08087219754125324,0.07145206836560472,0.6122680277468675,0.5446493602119327,0.5550170295930479,0.5450455533066313,1.0000000000000002,0.08983962675493241,0.08199569099599241,0.09125451651772053,0.10132763993604861,0.07578043530628274,0.06425337162938935,0.07732401899106182,-0.12352669602263708,-0.12133254778712821,-0.12626260418149046,-0.11656658295436932,-0.10792227583834181,-0.11764001124017931,0.14701587791128537,0.13073049546167806,0.14465458188546906,0.1474687462225431,0.12898881777408036,0.0030895139947859276,0.0011458226563526531,-0.005169480775256295,-0.006709447129827144,0.06976834099178272,-0.11229722052527923,-0.004210482245240851
SEwellness,0.005869134529854046,0.05234541974573035,0.05234541974573035,0.034436078202519114,-0.014862658696077563,-0.014862658696077563,-0.06964694754567924,0.024629935875061536,0.024629935875061536,0.010608496716529608,0.010608496716529608,-0.012537712941323187,-0.012537712941323187,0.033347004250184824,0.033347004250184824,0.016453978015448175,0.016453978015448175,-0.0558521891993456,-0.0558521891993456,-0.06792271870042847,0.07921273476448085,-0.0022690956883645664,-0.007565719621797308,0.01599742168688602,0.01599742168688602,0.00971666467862729,0.006124625283915773,0.00971666467862729,0.00971666467862729,0.00944398214836825,0.01810894195760985,0.01810894195760985,0.01810894195760985,0.161516406744087,0.1673722746085786,0.1757496786484478,0.08842567552612034,0.08054938403959111,0.08789900988007002,0.07552750268738773,0.08983962675493239,1.0,0.6402034074319082,0.6051514816385386,0.6789350447370006,0.6370668299174094,0.15573535990062656,0.15311307639397065,-0.2601572666753826,-0.2673253383718452,-0.2587077386113466,-0.2660124680595733,-0.25703675824894473,-0.2439666501561952,0.20777767071717929,0.21134285332889946,0.2050065595188547,0.1938087740835729,0.20924301024440764,-0.007904333276718368,0.00753609518949536,0.0030770852481360107,0.0021942986287880775,0.17456589084489174,-0.024921370945003553,-0.004217578821844926
SEnonacad,0.03121525989509927,0.048949736408212124,0.048949736408212124,0.010466706877334178,-0.009363424696739411,-0.009363424696739411,-0.0682087594603103,0.009018607406174713,0.009018607406174713,0.01672821464621872,0.01672821464621872,0.004962318420689735,0.004962318420689735,0.015703592988992685,0.015703592988992685,0.009672595485426714,0.009672595485426714,-0.042470980897144565,-0.042470980897144565,-0.058479422264240924,0.07415437789487281,0.0014683170826819264,-0.00635788966394056,0.0009619653532203455,0.0009619653532203455,0.0033479014720232945,-0.0043551823928910825,0.0033479014720232945,0.0033479014720232945,0.0014969517840568523,0.013745627834188296,0.013745627834188296,0.013745627834188296,0.1755170484006015,0.15797349882312148,0.1844107609521583,0.07509490760494271,0.06680747394095392,0.08858851449430853,0.06982278596204547,0.08199569099599241,0.6402034074319082,1.0,0.574237498108759,0.6424009136767239,0.6119752299074064,0.15024270001591003,0.1497205682874402,-0.23693783875010166,-0.2643449382493287,-0.25822484453909794,-0.2536745669536478,-0.24459188541742882,-0.23226055988655736,0.1908712491652762,0.18879149540920648,0.18384568587056938,0.1884375679097989,0.18732017820830238,-0.005308958497343976,-0.003392239852093377,-0.0031594685471013125,0.0074910201671115565,0.16548830708749365,-0.03215448111802366,0.004964967646380586
SEactivities,0.0323566231777574,0.03896532271563643,0.03896532271563643,0.0022862386007320877,-0.0022534601069769617,-0.0022534601069769617,-0.08150936734368588,0.004093752892360778,0.004093752892360778,0.00935612232848426,0.00935612232848426,0.01763856349838841,0.01763856349838841,0.006888058110686927,0.006888058110686927,0.010590435612409336,0.010590435612409336,-0.04077750787904822,-0.04077750787904822,-0.05582466915361196,0.08215750804927041,0.0016967272387412215,0.015110878133715245,0.02728393814707014,0.02728393814707014,-0.0023987745423640953,-0.0035912213041733665,-0.0023987745423640953,-0.0023987745423640953,0.008507426069514545,0.0025084784847606073,0.0025084784847606073,0.0025084784847606073,0.14018403127308562,0.13813891161419928,0.14387164046921763,0.09002430810476354,0.07331223668681065,0.0845772676307955,0.05559182044955202,0.09125451651772051,0.6051514816385386,0.574237498108759,1.0000000000000002,0.6148633024502578,0.5982414377871839,0.150289757678631,0.14518522366234551,-0.2245929759054589,-0.23525945476817398,-0.23884712533556865,-0.2311010058490403,-0.22704119731504105,-0.20845925319691525,0.18514071952273164,0.19757727172663486,0.19147545031186977,0.18227002200882847,0.18535736154686963,0.010338659102994469,-0.0035673917188533675,-0.007372654822230139,-0.0017057424433915096,0.1437847160357324,-0.008501007867093954,0.003324138471717004
SEacademic,-0.014493776396135827,0.03849547269000174,0.03849547269000174,0.015447586933213672,-0.009188612728499005,-0.009188612728499005,-0.07488896209131359,0.03335360340485698,0.03335360340485698,0.018689619755074095,0.018689619755074095,-0.006214298833678756,-0.006214298833678756,0.02648471706916585,0.02648471706916585,0.02385554722922102,0.02385554722922102,-0.04622705539347591,-0.04622705539347591,-0.058451822743607135,0.07917932916967807,-0.010034982807230157,-0.013500346072690522,0.014186131251359334,0.014186131251359334,-0.015023593786657153,-0.00902000786187229,-0.015023593786657153,-0.015023593786657153,-0.0049928574522917065,0.014641293320630045,0.014641293320630045,0.014641293320630045,0.158751151218641,0.15942757786887826,0.166702177770834,0.09873999926939694,0.0954160788377577,0.10554191437193476,0.06849887684301008,0.10132763993604861,0.6789350447370007,0.6424009136767239,0.6148633024502578,1.0,0.6513349737665455,0.1563296038637809,0.15562121004019372,-0.27861058442440517,-0.2892464708090495,-0.28145884381738884,-0.28150597614364337,-0.2798311521706128,-0.26032323557418524,0.20947742142260112,0.20754795258293765,0.21046419625849444,0.20467853707197403,0.20568070761988483,0.0169189336395943,-0.010271684814024427,-0.005582575566773112,-0.0023111172189532463,0.17408589758540363,-0.029684035297273467,0.007038155388340647
SEdiverse,-0.0016846336335092128,0.05652699046897354,0.05652699046897354,0.02449083332409781,0.012427775774611726,0.012427775774611726,-0.06893196299209632,0.024764744645420167,0.024764744645420167,0.023882109802724434,0.023882109802724434,-0.003489246082590354,-0.003489246082590354,0.01823423060280031,0.01823423060280031,0.024080477438550123,0.024080477438550123,-0.04129768015887948,-0.04129768015887948,-0.04432702932263022,0.0855520521199716,0.002281489844921204,-0.0023313761205436623,0.01991306853060634,0.01991306853060634,0.0005448184342600243,-0.002648790709013993,0.0005448184342600243,0.0005448184342600243,0.0074529205466128965,0.025721259597623166,0.025721259597623166,0.025721259597623166,0.16921582440532776,0.17903106781435726,0.1773920560345728,0.08145224448397277,0.07129045508075026,0.07201430790134485,0.057483704545016376,0.07578043530628274,0.6370668299174094,0.6119752299074064,0.5982414377871839,0.6513349737665455,1.0,0.17601207115974465,0.18188465615204227,-0.24772971620412432,-0.26608497883479293,-0.26146554718555615,-0.2622322155253443,-0.26241020407577476,-0.23491813626373975,0.21577421345393524,0.23231806485217482,0.2251065807789703,0.22234819561506175,0.21201079725138017,0.0010947217655000096,-0.003717509199129732,-0.009310149929796969,0.001541453088809538,0.16215056432099736,-0.02248462825987559,0.0013659203897087658
evalexp,0.021108047903418335,0.05017722287817544,0.05017722287817544,0.020977821571689793,-0.006913929995520403,-0.006913929995520403,-0.08656902614983357,0.031408971233865456,0.031408971233865456,0.03112681149174969,0.03112681149174969,-0.01614657696401795,-0.01614657696401795,-0.0025257082127668356,-0.0025257082127668356,0.0161479018294752,0.0161479018294752,-0.043138401835610844,-0.043138401835610844,-0.10880356412994627,0.06499104952793454,0.04715425645737704,0.025255973663000836,-0.004486106315622011,-0.004486106315622011,0.00926399430449236,0.006227680429019273,0.00926399430449236,0.00926399430449236,-0.0036299005477837113,-0.007583347841419677,-0.007583347841419677,-0.007583347841419677,0.17580494915770153,0.17798716113672802,0.1750042775388824,0.06734481949223409,0.07248363719106415,0.072103805436431,0.09540549379764822,0.06425337162938935,0.15573535990062656,0.15024270001591003,0.150289757678631,0.1563296038637809,0.17601207115974465,1.0,0.7440112615508127,-0.27390554621142166,-0.2676369349505668,-0.2664086558378257,-0.264274255640367,-0.270763112716718,-0.25032128240146706,0.24458507006594293,0.26689084337105645,0.2615823381715704,0.27231066905080625,0.2501908542196457,-0.023808954766201176,0.008700411927187908,0.005694891740169552,0.003119785574069625,0.15951881067201737,-0.04074051679251383,-0.0032514324196657005
sameinst,0.025848263273170632,0.052772690721412226,0.052772690721412226,0.027770921124376884,-0.01608700333346767,-0.01608700333346767,-0.09862981863462922,0.04162457694396302,0.04162457694396302,0.03138441337696105,0.03138441337696105,-0.032109888047247015,-0.032109888047247015,-0.009465102890480175,-0.009465102890480175,0.026750912318058786,0.026750912318058786,-0.04695523770289777,-0.04695523770289777,-0.1137578242351819,0.07196522650428094,0.05869708078456983,0.023246026464017033,-0.01367306736593949,-0.01367306736593949,-0.012088553388118688,-0.008209796005979155,-0.012088553388118688,-0.012088553388118688,-0.006108351809403792,0.013979863642220772,0.013979863642220772,0.013979863642220772,0.18817685774164092,0.17979267814448607,0.18326083155653225,0.08497364085811847,0.06777372176320028,0.07870975722335886,0.10359542743678324,0.07732401899106182,0.15311307639397068,0.1497205682874402,0.14518522366234551,0.15562121004019372,0.18188465615204227,0.7440112615508127,1.0,-0.26432568724776223,-0.2689173044966714,-0.26873871930526516,-0.26322343361819944,-0.2666604439447781,-0.25760146446842624,0.2668333380095273,0.2868928223260624,0.2770723796881079,0.2772435302800998,0.26719503675916606,-0.019490458107368457,-0.007916392845947575,-0.008301657983210102,-0.0017754355634633848,0.1653291099677895,-0.04784160221503585,0.007838060147005048
MHWdacad,0.006680448659302365,-0.024821201411243905,-0.024821201411243905,0.009727493645397904,-0.014731373611313563,-0.014731373611313563,0.05095288423935036,-0.034948189080153916,-0.034948189080153916,-0.009257028656303859,-0.009257028656303859,0.003061359065579601,0.003061359065579601,0.007774170219769487,0.007774170219769487,-0.02229606028477847,-0.02229606028477847,0.039603247485505595,0.039603247485505595,0.06469909469195334,-0.3157856012207823,0.16117031588419803,-0.09525228493646402,-0.01069161533376948,-0.01069161533376948,0.05553482578073369,0.06883465777178636,0.05553482578073369,0.05553482578073369,0.06810443825671457,0.018089529330013426,0.018089529330013426,0.018089529330013426,-0.2878797511366507,-0.2882750677582552,-0.29519425663770665,-0.12065440045987672,-0.11497315685179373,-0.13233417200479747,-0.12022320644996817,-0.12352669602263708,-0.2601572666753826,-0.23693783875010166,-0.2245929759054589,-0.27861058442440517,-0.24772971620412435,-0.27390554621142166,-0.26432568724776223,1.0,0.83984134474579,0.8535640381216606,0.8476492138989005,0.8333932845271631,0.7855961447739892,-0.21460377345601403,-0.20528396740898258,-0.22276531662084995,-0.2167450566918135,-0.2024746081730912,-0.01546029621421261,0.06236242634667866,0.07146750109259473,0.058436489649122056,-0.42683739886128363,-0.13801421473168063,-0.06971452307598157
MHWdlonely,-0.00554534825846147,-0.019732172661643302,-0.019732172661643302,0.023765182850107522,-0.013846156424064077,-0.013846156424064077,0.04526992817263212,-0.023962884752385376,-0.023962884752385376,-0.003355097334788309,-0.003355097334788309,0.010026922049030045,0.010026922049030045,-0.00020309658998348855,-0.00020309658998348855,-0.02075682298254279,-0.02075682298254279,0.056924681221012574,0.056924681221012574,0.060207474716320854,-0.3132467317405069,0.16468856324871758,-0.10601680695046618,-0.019102519403905543,-0.019102519403905543,0.060308573922915686,0.07228520281591119,0.060308573922915686,0.060308573922915686,0.0710178472236648,-0.005198162796468857,-0.005198162796468857,-0.005198162796468857,-0.29436149411206275,-0.29906484983236226,-0.3066770466083885,-0.12323613296411186,-0.11749748963544804,-0.12896919370739138,-0.1234099946009604,-0.12133254778712821,-0.2673253383718452,-0.26434493824932864,-0.23525945476817395,-0.2892464708090495,-0.26608497883479293,-0.2676369349505668,-0.26891730449667134,0.83984134474579,1.0,0.8717936257378739,0.8700087075398572,0.8461972678070907,0.7962100967788036,-0.20552810376721964,-0.2035059145663149,-0.21540291272993284,-0.20378103854483456,-0.19828154370287945,-0.0032211380976047374,0.06712389307437737,0.0646060857695774,0.04487208469687464,-0.4303154076257713,-0.13367947014291257,-0.07166748049734918
MHWdmental,0.0008229403696649087,-0.018487007948860372,-0.018487007948860372,0.021992042156833168,-0.034528931827941235,-0.034528931827941235,0.0530022390457729,-0.02708683653686337,-0.02708683653686337,0.0028171426973365755,0.0028171426973365755,0.0054191313786822745,0.0054191313786822745,0.0012773497458706939,0.0012773497458706939,-0.022362730331720603,-0.022362730331720603,0.05430208437897106,0.05430208437897106,0.04994931532755244,-0.31691304864021824,0.17607986218544644,-0.10238429977712994,-0.01819097179926584,-0.01819097179926584,0.06834358940330125,0.08522144483230724,0.06834358940330125,0.06834358940330125,0.08325855291407004,-0.001899874226515845,-0.001899874226515845,-0.001899874226515845,-0.30103509501324605,-0.2905780956721814,-0.30482262422284234,-0.11719219854306333,-0.11355618985761547,-0.12916854685487647,-0.1084377605115706,-0.12626260418149046,-0.25870773861134666,-0.2582248445390979,-0.23884712533556865,-0.28145884381738884,-0.26146554718555615,-0.26640865583782575,-0.26873871930526516,0.8535640381216606,0.871793625737874,1.0000000000000002,0.8784247305724168,0.859271018711057,0.8127283513183722,-0.2099943374998679,-0.21450297937987348,-0.22104210841319416,-0.20930870932229215,-0.20667474433648678,-0.005164698574503961,0.07802668158413727,0.08171608580824583,0.05670235555071836,-0.4414923829362995,-0.13258018312861167,-0.08546797863497367
MHWdexhaust,-0.00038269540388410873,-0.029025271782985675,-0.029025271782985675,0.025244376112618566,-0.027926732481298115,-0.027926732481298115,0.03404319863672828,-0.025817372921909765,-0.025817372921909765,0.001544325136068376,0.001544325136068376,0.0016200257980612436,0.0016200257980612436,-0.009221329980775595,-0.009221329980775595,-0.0055283232836692,-0.0055283232836692,0.06723441512862104,0.06723441512862104,0.06261568882524332,-0.3347059630548423,0.17315375658156343,-0.095784983757474,-0.016618257308088722,-0.016618257308088722,0.06066333828436534,0.07724814143765156,0.06066333828436534,0.06066333828436534,0.07031473214261277,0.013683198955258222,0.013683198955258222,0.013683198955258222,-0.3076307188593829,-0.2980453997321381,-0.30889006226318455,-0.10930779984534138,-0.10733879694483424,-0.11315483154849997,-0.11300098378584583,-0.11656658295436932,-0.2660124680595733,-0.2536745669536478,-0.2311010058490403,-0.28150597614364337,-0.26223221552534426,-0.26427425564036694,-0.26322343361819944,0.8476492138989005,0.870008707539857,0.8784247305724168,1.0000000000000002,0.8559490080441317,0.8054426923377049,-0.20498237773442204,-0.2026588597891586,-0.21480671545871818,-0.20517409804815998,-0.1910955104013624,-0.014020218169174588,0.07252295367272096,0.07526133576362347,0.05154023567358037,-0.4257779417101272,-0.15779573670997105,-0.07576427441435002
MHWdsleep,-0.008990190653131397,-0.031686750277693,-0.031686750277693,0.011530586813162144,-0.011795637271413023,-0.011795637271413023,0.06922402464740392,-0.029293331131814464,-0.029293331131814464,-0.002479491385247001,-0.002479491385247001,0.017738435478355834,0.017738435478355834,-0.005988116271532408,-0.005988116271532408,-0.007719488543864851,-0.007719488543864851,0.052459575868686346,0.052459575868686346,0.06930983596413139,-0.31553849409629126,0.16755079239969053,-0.11644671704782127,-0.008389523666691812,-0.008389523666691812,0.055652985965236705,0.07146165116047845,0.055652985965236705,0.055652985965236705,0.07601256249798505,0.005265893801810068,0.005265893801810068,0.005265893801810068,-0.2954389832077768,-0.28544362863326855,-0.2963954225981978,-0.10637156524021026,-0.10585104821832934,-0.11687793116818791,-0.10921929961595077,-0.10792227583834182,-0.25703675824894473,-0.24459188541742882,-0.22704119731504102,-0.2798311521706128,-0.26241020407577476,-0.270763112716718,-0.2666604439447781,0.8333932845271631,0.8461972678070907,0.8592710187110569,0.8559490080441317,1.0,0.7854617970254951,-0.20393497014959971,-0.20339345973842052,-0.21675182854705605,-0.2038816661671317,-0.2028641089081585,-0.0035663509604693887,0.06285656117440679,0.06836166526385215,0.04761713781930177,-0.4320679822752607,-0.1396494442478045,-0.07419524595629179
MHWdfinancial,-0.0013741791092104153,-0.01409296953645198,-0.01409296953645198,0.0241539748388268,-0.007492958672571989,-0.007492958672571989,0.0343395031062836,-0.0212147482648826,-0.0212147482648826,-0.004489081114202222,-0.004489081114202222,0.011824807464167137,0.011824807464167137,0.003659269447938737,0.003659269447938737,0.0036418956260327027,0.0036418956260327027,0.03832505669715251,0.03832505669715251,0.05687634253100081,-0.2950460897799023,0.13666445013215298,-0.07220635841047204,-0.004492728993043169,-0.004492728993043169,0.06607052382992902,0.08533542628714288,0.06607052382992902,0.06607052382992902,0.0824433711595552,-0.013035341613192695,-0.013035341613192695,-0.013035341613192695,-0.2810092112331509,-0.2652433591441301,-0.2704264321022345,-0.113156143480696,-0.10145545353483555,-0.11974807219376059,-0.11688790820779266,-0.11764001124017931,-0.2439666501561952,-0.23226055988655733,-0.20845925319691525,-0.26032323557418524,-0.23491813626373975,-0.25032128240146706,-0.25760146446842624,0.7855961447739892,0.7962100967788036,0.8127283513183722,0.8054426923377049,0.7854617970254951,1.0,-0.1921465676412309,-0.19291786401346422,-0.20463025707413485,-0.18852506008481051,-0.18569669933861999,-0.009091833652691877,0.07694474933770762,0.08913281468529281,0.060320339467265977,-0.3818921642417432,-0.12600833461035515,-0.08694621345612631
QIstudent,0.020828451929622713,0.045804303460723464,0.045804303460723464,0.0129553629288343,-0.01726043665716682,-0.01726043665716682,-0.10901534805244151,0.02023198966647865,0.02023198966647865,0.0763640211724739,0.0763640211724739,0.0088200996416134,0.0088200996416134,-0.006149559380697789,-0.006149559380697789,0.005760191351678021,0.005760191351678021,-0.03991432006490317,-0.03991432006490317,-0.11573600877892012,0.04493875263351897,-0.025713887423069452,0.07155412029421904,-0.0005422054110473124,-0.0005422054110473124,-0.0068024167812588444,-0.0033471353223242578,-0.0068024167812588444,-0.0068024167812588444,0.006378275865458187,0.007479919298192592,0.007479919298192592,0.007479919298192592,0.21270818651909576,0.20344220472402744,0.22586600518423228,0.16027165932737422,0.1448831330904467,0.15069387457404698,0.1267328661390958,0.14701587791128537,0.20777767071717929,0.1908712491652762,0.18514071952273164,0.20947742142260112,0.21577421345393524,0.24458507006594293,0.2668333380095273,-0.21460377345601403,-0.20552810376721964,-0.2099943374998679,-0.20498237773442204,-0.20393497014959966,-0.1921465676412309,1.0,0.8150870400416891,0.8324867663711617,0.815819981986137,0.7905533099017052,0.011423264361870154,-0.004429532916780729,-0.0036444865653406638,-0.003938472780483168,0.21302710485069054,-0.052156976605279126,0.0020021635502313908
QIadvisor,0.02134474947059819,0.04913649816130754,0.04913649816130754,0.018493724812215572,-0.007149579230789124,-0.007149579230789124,-0.11065076780118657,0.03594774601413175,0.03594774601413175,0.08593507101321729,0.08593507101321729,-0.010188660753614619,-0.010188660753614619,-0.015393105823915482,-0.015393105823915482,0.007328868143831894,0.007328868143831894,-0.0454119961804513,-0.0454119961804513,-0.1252436663348151,0.051111876512603294,-0.029138061896098966,0.06385630394530133,-0.02309609519803768,-0.02309609519803768,-0.018284548562440543,-0.02509673417357029,-0.018284548562440543,-0.018284548562440543,-0.011236463298051247,0.0027775752409366287,0.0027775752409366287,0.0027775752409366287,0.21046369989808536,0.2007570089128739,0.2177370703940905,0.15492182732242946,0.14368208462222629,0.14172541707959865,0.12674401788095302,0.13073049546167806,0.21134285332889946,0.18879149540920648,0.19757727172663486,0.20754795258293765,0.23231806485217482,0.26689084337105645,0.2868928223260624,-0.20528396740898258,-0.20350591456631492,-0.21450297937987348,-0.2026588597891586,-0.20339345973842052,-0.19291786401346422,0.8150870400416891,1.0,0.8503874276417659,0.8271237626655531,0.8073420542835879,-0.0031434260488339355,-0.021601201825081587,-0.020915640519409695,-0.013154586736396367,0.21272743072480216,-0.045426180760052164,0.026575107970550127
QIfaculty,0.019302573707774363,0.05115049299901202,0.05115049299901202,0.013736376207782437,-0.00945933211708296,-0.00945933211708296,-0.09692892455884801,0.03052294226657019,0.03052294226657019,0.08065271075198806,0.08065271075198806,-0.01163659331197636,-0.01163659331197636,-0.014502891759353998,-0.014502891759353998,0.009946128510846397,0.009946128510846397,-0.055043074362097745,-0.055043074362097745,-0.11668417904904216,0.059712089270645426,-0.028632209013107944,0.07590549540532067,-0.00606762619698123,-0.00606762619698123,-0.009775842777811166,-0.018736425694050887,-0.009775842777811166,-0.009775842777811166,-0.002301543421828956,0.01157437745263229,0.01157437745263229,0.01157437745263229,0.22185385696469395,0.20793434451837742,0.22152510866595282,0.160462619166435,0.15230764304690758,0.1527398434911525,0.1315034128512185,0.14465458188546906,0.2050065595188547,0.18384568587056938,0.19147545031186977,0.2104641962584944,0.2251065807789703,0.26158233817157034,0.2770723796881079,-0.22276531662084997,-0.21540291272993284,-0.22104210841319416,-0.21480671545871818,-0.21675182854705605,-0.20463025707413485,0.8324867663711617,0.8503874276417657,1.0,0.8473628370001944,0.8181333210766844,0.006880045045502985,-0.016555708338720155,-0.018116215556694366,-0.016897958548197572,0.22236151205306007,-0.04253461631887613,0.019372795090841628
QIstaff,0.03312182652602541,0.04780184402387176,0.04780184402387176,0.0031482647736265053,-0.008953818209138535,-0.008953818209138535,-0.10590619085446808,0.029755993839803725,0.029755993839803725,0.07451633373816328,0.07451633373816328,-0.004074402304691102,-0.004074402304691102,-0.014960690601676069,-0.014960690601676069,0.0058687187967923354,0.0058687187967923354,-0.04656064629035616,-0.04656064629035616,-0.11148867580752878,0.059785356875375575,-0.019557318555889932,0.08142082580523932,-0.004699970467027735,-0.004699970467027735,-0.024686844390592447,-0.03087096992344245,-0.024686844390592447,-0.024686844390592447,-0.015565241545626291,-0.012651429882366286,-0.012651429882366286,-0.012651429882366286,0.21320803904785776,0.20945278692121885,0.22183135064987855,0.16457459908682615,0.14761400614309805,0.15255076387267166,0.129864820472826,0.1474687462225431,0.1938087740835729,0.18843756790979893,0.18227002200882847,0.20467853707197403,0.22234819561506178,0.2723106690508062,0.2772435302800998,-0.2167450566918135,-0.20378103854483456,-0.20930870932229215,-0.20517409804815995,-0.2038816661671317,-0.18852506008481051,0.8158199819861371,0.8271237626655531,0.8473628370001944,1.0,0.8013977616585382,-0.0092487905774794,-0.025822496591501303,-0.02923772534468969,-0.018836624668917,0.21817351314704478,-0.04316002165395866,0.03340502416409852
QIadmin,0.026481920174427166,0.04613800049829623,0.04613800049829623,0.009982813176630571,-0.006826900740920153,-0.006826900740920153,-0.11703335499324825,0.03373819948718923,0.03373819948718923,0.07476187289830985,0.07476187289830985,-0.01280135034317702,-0.01280135034317702,-0.0025727886753231953,-0.0025727886753231953,0.012454756762509728,0.012454756762509728,-0.043271665443729304,-0.043271665443729304,-0.12477434725462185,0.06180429678509898,-0.031263127519542626,0.07336403525951231,0.0034171301217986844,0.0034171301217986844,-0.01809311633610561,-0.016246437603363462,-0.01809311633610561,-0.01809311633610561,-0.0128552723388323,0.01784041507967367,0.01784041507967367,0.01784041507967367,0.20263231324370531,0.18626610540463284,0.20834789737462797,0.15156073009580676,0.13867599051792098,0.1441847013928197,0.12274462771654951,0.1289888177740804,0.20924301024440764,0.18732017820830238,0.18535736154686963,0.20568070761988486,0.21201079725138017,0.2501908542196457,0.26719503675916606,-0.2024746081730912,-0.19828154370287945,-0.20667474433648678,-0.1910955104013624,-0.20286410890815854,-0.18569669933861999,0.7905533099017052,0.8073420542835879,0.8181333210766844,0.8013977616585384,1.0,0.004601170204201066,-0.011885010967837556,-0.01676993821332079,-0.0047250872577356915,0.2150451855524201,-0.03760151039712242,0.01929333388455653
id,-0.010963625539459348,0.009700924279470141,0.009700924279470141,0.006189969547726123,-0.00788998852228211,-0.00788998852228211,-0.017781477078991987,0.011044531213337701,0.011044531213337701,0.004114623149017027,0.004114623149017027,0.023428224646054676,0.023428224646054676,0.013882911143838675,0.013882911143838675,0.011690403076151556,0.011690403076151556,0.0118922401043382,0.0118922401043382,-0.01002735774313439,0.0074823343799670155,0.0070766382482480746,0.014549287182496453,0.01143379475500452,0.01143379475500452,0.0014953826804162786,0.0029689407579042656,0.0014953826804162786,0.0014953826804162786,0.010763368841884726,-0.009735248284601986,-0.009735248284601986,-0.009735248284601986,0.010773212541738348,0.024015274559489302,0.04217798927469368,-0.006644090248447231,0.004991034072627123,-0.008173962342448259,0.011901820781258845,0.003089513994785928,-0.007904333276718366,-0.005308958497343977,0.010338659102994478,0.0169189336395943,0.0010947217655000085,-0.023808954766201172,-0.019490458107368457,-0.015460296214212615,-0.003221138097604736,-0.005164698574503961,-0.014020218169174592,-0.003566350960469389,-0.009091833652691879,0.011423264361870154,-0.003143426048833936,0.006880045045502993,-0.0092487905774794,0.004601170204201063,1.0,0.0014374284448895396,-0.0011718711329461277,-0.0024795792500690635,0.018422706484968354,0.0005996840136487081,-0.0042593683440525255
DE_group_temp,-0.0009636525693203614,-0.003391088591410039,-0.003391088591410039,-0.01721903034557698,-9.94120047157992e-06,-9.94120047157992e-06,-0.0633769675520665,0.0036812279288381848,0.0036812279288381848,0.0011009256595794065,0.0011009256595794065,-0.006114300019472821,-0.006114300019472821,-0.011047247762620038,-0.011047247762620038,0.012343350185016404,0.012343350185016404,-0.014122439170504377,-0.014122439170504377,-0.058010129853493145,-0.0889196041271556,0.0026960485169778437,0.04061363679459003,-0.0015929945815845146,-0.0015929945815845146,0.8784642906425244,0.9594743132002191,0.8784642906425244,0.8784642906425244,0.8770445841495713,0.00024947271664167877,0.00024947271664167877,0.00024947271664167877,-0.03343783558949657,-0.020480293060226033,-0.025255427501790367,-0.007354666730441027,-0.008057760190638762,-0.011396868106524438,-0.00490153380036079,0.0011458226563526527,0.0075360951894953504,-0.0033922398520933746,-0.0035673917188533636,-0.010271684814024426,-0.0037175091991297304,0.008700411927187917,-0.00791639284594758,0.06236242634667866,0.06712389307437737,0.07802668158413727,0.07252295367272096,0.0628565611744068,0.07694474933770762,-0.004429532916780737,-0.021601201825081583,-0.01655570833872015,-0.025822496591501307,-0.011885010967837562,0.0014374284448895429,1.0,0.8244734578854506,0.4368401526032229,0.043047836788813305,-0.11205244603954422,-0.8412429548505479
hdc17,0.008619479398470358,0.0036012103055515447,0.0036012103055515447,-0.01282445601168602,-0.004855288189632237,-0.004855288189632237,-0.0532093463369027,-0.0010288157023641495,-0.0010288157023641495,0.0037099166712617677,0.0037099166712617677,-0.007737374078534535,-0.007737374078534535,0.011138310708107325,0.011138310708107325,0.01065116787108603,0.01065116787108603,-0.014019531892907392,-0.014019531892907392,-0.05820890426397315,-0.08277895677034544,0.022137368086979078,0.027139907843859182,-0.005834082091130664,-0.005834082091130664,0.7260989936982382,0.8574218592025408,0.7260989936982382,0.7260989936982382,0.7862399623233856,0.019979984418843025,0.019979984418843025,0.019979984418843025,-0.03766184379874019,-0.026503854623228656,-0.025734512762122644,-0.0028303233093029106,-0.004338891196680445,-0.008993780363447348,-0.0005201033416379243,-0.0051694807752562955,0.0030770852481360107,-0.0031594685471013116,-0.007372654822230137,-0.005582575566773111,-0.00931014992979697,0.00569489174016955,-0.0083016579832101,0.07146750109259475,0.06460608576957742,0.08171608580824583,0.07526133576362347,0.06836166526385215,0.08913281468529283,-0.0036444865653406616,-0.020915640519409695,-0.018116215556694366,-0.02923772534468969,-0.016769938213320797,-0.0011718711329461234,0.8244734578854508,1.0,0.7650907395571414,0.022692436149263206,-0.09965386962256428,-0.8209030033695076
DC_student,0.024204001047099348,0.012537507075891796,0.012537507075891796,-0.0028994314166919774,0.0021167197022447922,0.0021167197022447922,-0.034787856225254654,0.005246221745304483,0.005246221745304483,0.007313137965740687,0.007313137965740687,-0.014158515482085703,-0.014158515482085703,0.013756096362939094,0.013756096362939094,0.010909974725751111,0.010909974725751111,-0.015703594570867976,-0.015703594570867976,-0.03727671396796034,-0.04677685591607012,0.04597666359291431,0.004084886808215519,0.0013448712697483878,0.0013448712697483878,0.37961870207329285,0.4529062367823517,0.37961870207329285,0.37961870207329285,0.41399645267484586,0.035826144034506006,0.035826144034506006,0.035826144034506006,-0.025391740733613357,-0.01986595924678638,-0.011670140760445553,-0.005094255951909115,-0.01009350513981171,-0.0060138405401619,0.0012659008599545955,-0.006709447129827143,0.002194298628788077,0.007491020167111559,-0.0017057424433915107,-0.002311117218953247,0.0015414530888095363,0.0031197855740696264,-0.0017754355634633852,0.058436489649122056,0.04487208469687464,0.05670235555071836,0.05154023567358037,0.04761713781930177,0.060320339467265977,-0.003938472780483168,-0.013154586736396363,-0.016897958548197572,-0.018836624668917005,-0.004725087257735689,-0.002479579250069064,0.4368401526032229,0.7650907395571414,1.0,-0.008068409926270776,-0.051233797386832994,-0.43227893281102986
archetype_id,-0.012549103659710575,0.03916485407615214,0.03916485407615214,-0.0009989083044141518,0.009442793044843424,0.009442793044843424,-0.11285463690870273,0.027995515453725566,0.027995515453725566,0.029517355093918046,0.029517355093918046,0.011985659658030591,0.011985659658030591,-0.023109820449364445,-0.023109820449364445,0.07527699895178618,0.07527699895178618,-0.16616491509941392,-0.16616491509941392,-0.10679462670099897,0.3153420885445421,-0.3776992107568284,0.25769347442385504,-0.019637134449558405,-0.019637134449558405,0.04175104873510485,0.04030819881590077,0.04175104873510485,0.04175104873510485,0.04686762384159776,-0.008496113973142077,-0.008496113973142077,-0.008496113973142077,0.14509796874365546,0.1605211022315124,0.14307190537106448,0.069834707042006,0.05462104977157082,0.06441807886143912,0.06560267347493917,0.06976834099178272,0.17456589084489174,0.16548830708749365,0.1437847160357324,0.17408589758540363,0.16215056432099736,0.15951881067201737,0.1653291099677895,-0.42683739886128363,-0.4303154076257713,-0.44149238293629955,-0.4257779417101272,-0.4320679822752607,-0.3818921642417432,0.21302710485069054,0.21272743072480216,0.22236151205306007,0.21817351314704478,0.2150451855524201,0.01842270648496835,0.043047836788813305,0.022692436149263206,-0.00806840992627078,1.0,-0.011950979641421108,-0.03430448891899224
archetype_name,-0.022920924459430645,-0.1061825653186238,-0.1061825653186238,-0.025577966013936856,-0.0034133549380970974,-0.0034133549380970974,0.16404349672474894,-0.08106757049501248,-0.08106757049501248,-0.10808677718920719,-0.10808677718920719,-0.033640897649115105,-0.033640897649115105,0.009622203917272299,0.009622203917272299,-0.11434156354154541,-0.11434156354154541,0.10290626064722337,0.10290626064722337,0.11821495372713536,0.8450016940327603,-0.11725800043254228,0.048920704778942524,0.01536031816592832,0.01536031816592832,-0.11189997835971437,-0.12140056261105177,-0.11189997835971437,-0.11189997835971437,-0.1279266272957462,-0.016701455739755285,-0.016701455739755285,-0.016701455739755285,0.051891659794950445,0.05561861711749502,0.06629114031238653,-0.13798986855794962,-0.09981839101055827,-0.11782720083296512,-0.10837980490373891,-0.1122972205252792,-0.02492137094500355,-0.03215448111802365,-0.008501007867093954,-0.029684035297273467,-0.022484628259875596,-0.04074051679251384,-0.04784160221503585,-0.13801421473168063,-0.13367947014291257,-0.13258018312861167,-0.15779573670997102,-0.1396494442478045,-0.12600833461035518,-0.052156976605279126,-0.045426180760052164,-0.042534616318876124,-0.043160021653958665,-0.03760151039712243,0.0005996840136487074,-0.1120524460395442,-0.09965386962256428,-0.051233797386833,-0.011950979641421104,1.0,0.12091115590901665
credit_band,0.006193200028082423,-0.0017705879491031547,-0.0017705879491031547,0.01663517802583198,-0.0008857863703321493,-0.0008857863703321493,0.059921909966645,0.0036798129531426405,0.0036798129531426405,0.0011005024899683462,0.0011005024899683462,-0.0001781043909440586,-0.0001781043909440586,-0.00746884044257646,-0.00746884044257646,-0.003986173020687831,-0.003986173020687831,0.013315899252909654,0.013315899252909654,0.05865273546167895,0.09829532324179173,-0.006969576406955865,-0.0389586814290941,-0.0015923822729028883,-0.0015923822729028883,-0.738168910370415,-0.9595061186877201,-0.738168910370415,-0.738168910370415,-0.8770736571848523,-0.003499541824811357,-0.003499541824811357,-0.003499541824811357,0.044181233717358735,0.030287553193827605,0.03318006418737651,0.002880111684379717,-0.002663400320753479,7.988576411848509e-05,-0.006332426617401057,-0.00421048224524085,-0.004217578821844928,0.004964967646380576,0.0033241384717169896,0.007038155388340648,0.0013659203897087725,-0.003251432419665695,0.007838060147005044,-0.06971452307598158,-0.07166748049734918,-0.08546797863497367,-0.07576427441435002,-0.07419524595629179,-0.08694621345612631,0.0020021635502313834,0.02657510797055012,0.019372795090841624,0.03340502416409852,0.019293333884556545,-0.004259368344052527,-0.8412429548505479,-0.8209030033695076,-0.43227893281102975,-0.03430448891899224,0.12091115590901665,1.0
